zyl_zyr,n_sto,pil_enl_1,id,pil_enl_2,pir_exr_2,n_gn,psl_exl_1,psr_pir_2,psr_pir_1,psl_exl_2,enl_enr,exl_enl,psl_pil_2,psl_pil_1,prn_gn,enr_exr,sn_gn,pir_exr_1,n_sn,psr_exr_1,psr_exr_2,gol_gor,pil_exl_2,pil_exl_1,img_name,enl_gn,exl_exr,pir_enr_1,enr_gn,pir_enr_2,enr_se,chl_chr,enl_se,sn_ls,psr_enr_2,psr_enr_1,si_gn,n_prn,gn_sto,psl_enl_2,psl_enl_1
363.1918730269033,211.78369049296458,52.0009271475225,1,26.127913416020153,20.496214722359174,333.58467738595573,26.424065564292714,22.148715229586116,22.587394623102377,52.364090638775814,121.921115961468,73.21789632301383,22.62468569196241,23.046812506959846,232.73287335229446,70.54081668853836,185.31175419528867,45.26168666481524,148.29344096393908,48.97761673899297,23.41504760694721,312.7972260406721,49.394608377494194,23.746308749313826,img\DSCN3448AlbertPinheiroBarboza.JPG,337.8252848466001,265.5872381976508,27.682442593074224,325.1114896470489,53.17106065825297,61.70652979104593,162.18666560894368,64.61561100479246,43.702979252672534,52.422602519256515,27.014038102146312,92.03661929360085,143.2287836263691,121.80174446493795,33.11697885270693,52.77962338928541
325.8011947311265,170.93228393920734,42.655145774748476,5,21.555244294481387,18.633213552387623,281.3324355247674,21.952412301205875,12.393985703808722,13.066407186218163,43.390579249731346,87.51693028682321,64.34731293419,11.612294837626104,12.189349929718817,216.73412144527907,62.099727441161875,168.05759281191575,39.12380932376176,113.28836914525819,41.472729307590114,20.446243316441297,290.63026275948135,43.788010277853736,22.91374057618655,img\DSCN3456RobertPinheiroBarboza.JPG,276.4569699178831,213.7026559904112,24.32551792730709,263.1180715731386,45.0380321025774,38.263543514649164,145.4422173726184,49.270082337886684,45.622783190433715,42.911711708381475,22.131139674621537,88.56228502920537,110.15030305685816,110.40548383027811,24.598160933092288,43.70863391323453
312.1330955487462,174.98576650950957,46.20522605839657,12,22.020316793932132,20.29595985186324,260.7460399455172,22.80004937765745,23.561544000341897,23.790339827606008,45.666538327790356,94.4477595665547,63.375907522078805,23.348184928963672,23.62274011872565,168.96727989611526,63.856651616529454,136.48374581201833,42.87497612145741,124.28460321735746,45.54843592994705,22.60791466154032,263.7489293406832,43.90716395002974,20.617737021089976,img\DSCN3727.JPG,278.68337453221875,221.18034788919047,23.18425088447756,259.607942279259,46.84195769796286,52.29162359863597,137.60509835935267,53.9528586675626,39.12634539935127,48.32191466246915,26.33208730526687,67.47950823019754,120.5387909331479,85.81239675338196,29.501084135072976,47.41984189700717
302.173718372919,142.58285268996616,37.60732571902577,14,18.377980746134615,16.92773533612589,257.4337377311301,20.202318623943597,13.951647739225711,14.75714201080136,38.275594075414475,86.18133788536429,53.76054471840823,14.599472328439644,14.789025312141462,200.83675308017598,55.90893153712166,159.46273246877902,36.28562601016446,98.16859940619298,38.84432020578627,19.951451088856313,265.8659762147327,35.95374073568952,16.843327985206113,img\DSCN3737.JPG,262.4476473133021,195.7995545803879,20.169399486674415,246.78241968960313,39.602889334238654,47.73889451895229,135.62460019143725,39.12172789596652,33.93231285219278,40.00926253778837,21.625778201303394,80.40062981916003,96.21600928265342,114.90706705693037,22.276283428393896,38.23164558448589
329.1267573118064,167.35244056937677,43.72456501329196,17,21.03641692763692,17.90385179100604,282.8816134280794,23.219017407292306,19.11574933490286,19.804867372043493,44.99021125308002,95.20399562992722,62.49252203913724,19.490647128417656,19.464669711834077,218.18034265017033,60.88643030415794,173.26519696485175,39.73986992913041,109.61937079516967,43.36863199715401,21.595064097545578,279.6538817406983,42.693406516446956,20.345787434404567,img\DSCN3746.JPG,293.61884166657444,218.5817669528451,22.489612125785964,276.4944830025112,44.83190760088525,48.80801565429997,133.1470315514017,48.67315832040509,40.06801913464888,44.85478689362406,23.89552120095447,85.23890979317598,107.78320231809451,115.53172209105885,28.137904517939294,45.083378196859584
312.6919305975229,179.1720946693634,38.665311362055704,21,18.958674643671845,16.567442563075076,298.9099099262898,20.763174734842757,15.683782434631505,15.927921895214494,39.69679260786576,88.52887377403553,55.12687031766283,15.483776040085003,15.786246273570569,225.95380582499342,54.73183968721378,180.4017444466031,35.787353881849185,118.60207417638738,38.79876894166584,19.462393237541484,264.832896755568,37.23681924340662,17.616159550118315,img\DSCN3755.JPG,298.77904100198646,198.2529587930031,20.040100137934818,287.4802072323999,39.59844687372583,48.278425361943256,122.77860642244387,41.904687298725236,43.00194468234604,39.25962589516352,20.335641875615842,91.72379365502947,116.78652945565784,119.87686211534715,23.740811681251778,38.673468873828234
282.10134611920694,150.00049578627693,39.14394872896868,24,19.177936955750077,16.72730182043892,250.1999358209487,20.165802092067228,16.387677361627635,16.998939515542343,39.533644425795096,84.69303042601788,55.07042962783148,16.620144694931216,16.84204700486905,188.4762903866744,55.83605095619327,149.2843645219762,36.42651690321399,100.9163390269334,38.974241424423525,19.141683602456517,241.55114614229217,37.304704084733196,17.67990841799222,img\DSCN3767.JPG,253.64071759233698,195.5617924743377,20.94543790247719,239.83176732001309,41.0582214098265,44.384048067751266,115.67828695269608,41.24274899856508,36.02639636920034,40.46842679402195,21.164082716048785,80.40690365423703,98.7841957353684,100.20552436156129,24.210288484061497,39.17427841169983
272.57518859646194,158.77413861216397,38.61470174843153,25,18.1954478924198,16.247747672266357,252.60314216166668,20.34804236797433,18.94500614431192,19.473567633770184,39.313924676773226,79.7118782498348,53.36318990982377,19.19754493447028,19.816359646836315,170.86883834352375,53.645556069362556,140.64278096777323,35.36892135693796,111.98589696155898,38.290720372561914,19.00367339705365,224.38616489756987,37.02007331142335,17.12896928075523,img\DSCN3774.JPG,261.1531274703606,186.6871374482603,20.07355331066715,246.55681641199206,40.03209027386525,44.99797356370656,104.74140660430325,41.883872403575765,33.17141976273582,39.99140829038257,21.65288826797709,70.48716001524015,109.54360932411169,93.84429195131388,24.115095540146232,39.27166370458865
326.9929456162549,161.58624950528278,39.59145679178644,28,18.586504829393963,16.322828415404196,278.8426574404274,21.046562907480606,16.31831244061499,17.149507554870652,41.337101070016516,88.40452913946139,56.51555205910738,17.42789480533891,17.573841464670714,192.900716612254,53.884270975136616,162.1730014161897,35.28887525112396,116.69271847502064,37.462849544836885,18.079364633008705,281.38212379073974,39.41586694597556,18.81257957685279,img\DSCN3783.JPG,291.7402784131676,198.7692625572662,20.04992669660517,276.11556810975594,39.530476347291525,44.13788340649938,108.6226452048802,55.241010511280635,30.31625633561578,39.81059258267484,21.21530930825357,91.6653293249995,112.9703650879865,117.26299880381606,22.901324389984598,39.86665999539902
310.04993098952565,132.0523357681379,34.22311868931626,34,17.124897014163516,16.167821011326495,232.0348875438426,19.48140293152762,9.279832106509199,10.38534995346901,36.951800472792456,83.47216614629914,52.4109096518862,9.552408963105167,8.95056497059766,188.75001464109235,50.562696834912416,147.8374574337845,33.00411706878521,84.2231168006918,34.57337785597228,16.89531467111455,267.49741602816164,36.22115176851665,18.996332360677734,img\DSCN3793.JPG,230.82971906479168,186.3201130996201,18.61838258904551,220.56917312422135,35.50815783327598,35.97294275520327,119.26019919403949,47.504477316033075,34.38079847340458,34.49413923259633,17.22499182633073,80.76495240540801,82.84833371055433,99.98549380502321,18.65030151172385,33.76369858655028
342.65666325488013,162.36258182738203,48.29958336498507,36,23.617694490172628,19.32463395329854,285.2236658529907,25.018555630958108,19.786024832936842,19.88310825094022,48.77959350997663,109.2916705101742,68.04953877590569,21.05064457127734,19.967288316741037,210.45336914350116,64.69044959562419,173.29105371738547,42.650919356396095,111.93736915760593,46.92290445568896,23.30602494589025,279.2340962142998,45.6417621419303,21.067920965117214,img\DSCN3798.JPG,308.32501125310125,241.8070882755763,22.881638752041447,285.730023251011,46.7789700521042,54.5026078771499,160.2095737518395,62.389730145485906,36.19648728466357,47.76352589978908,24.992713395433586,80.79592271202162,109.12271762457617,122.89223365506082,29.114599064974147,49.146316223128345
332.5416044777481,159.58032181848301,45.194687419853764,39,20.812487135219527,18.93025061644804,272.8063984193761,24.057815265766624,21.23485490740277,21.793160664096632,46.40956053896895,93.56187051150137,64.12128093441103,21.270256310574332,21.37878838456592,175.4069523382317,63.12665379454846,149.75552210657065,41.57025374608236,123.05483802738108,45.307816448352604,23.146577766501593,277.8041876546804,44.207945935186046,20.373247921680388,img\DSCN3805.JPG,294.274075772717,220.17578663717953,22.528836538687404,273.19018171306817,45.818806083171786,53.67090650554991,158.11547469345857,55.96691296907651,23.946570629692125,47.59575302913122,26.622931615524074,60.83698372951854,118.4817014493052,113.24518252535844,28.346359671590015,47.790143829588
302.0603501830417,163.68623144767673,41.79382573121558,45,21.659434082709378,17.347455244732505,293.67279570422534,20.601058580448054,14.39924657864134,14.977138681772733,41.387348965472135,98.17436553881815,58.818142249905264,15.930086666708073,15.820852038457417,224.49053424761783,57.68107975572035,182.60590649431205,37.50613371733723,111.08145242317347,40.11569845175544,19.067369686946925,258.2983091148817,38.80549589628624,18.665540989631577,img\DSCN3817.JPG,293.759155884575,214.27763870607484,21.607081959570326,285.3707418912561,42.05100703069452,52.477995316739744,118.64623309300262,47.21137408462949,33.92030697786242,41.12015431610172,20.3990031032274,100.69947689295124,108.33635384060737,130.0292117375754,25.18108900104285,41.53970339132049
378.1436977227961,192.83137586778835,50.38513018181302,51,24.871190050468034,21.52141700791749,318.402285468216,26.631187495317473,20.323826499478077,21.584101391412677,51.679032437489866,113.63032914971136,71.2743865261635,21.608564773954416,21.555615073064814,240.7646916547414,70.73619449672081,190.16994483655066,46.91481451640745,128.2336313327959,50.72564674624645,24.798625629124935,311.99234778332874,48.62563841675949,23.096763999813675,img\DSCN3825.JPG,322.6523884987091,255.5402506307368,25.906482306192572,306.0352733358833,51.57189435117052,58.51613239637699,143.82609763853458,56.2567624356918,41.35596347112282,50.40355522271558,25.404071201171256,92.38934210949,126.0940205440716,125.57144934648399,30.70274951388139,49.95742492382306
287.5187609407773,151.61392086673249,37.56280523312484,61,18.00836055784711,17.70324918824545,251.5226484251459,19.11889069975708,17.304604495111093,18.098229898782023,37.55775111250659,78.15738397029472,51.2418627199633,17.36993132120065,17.733263188208106,179.04089900815296,54.4757786755299,146.41517228417788,37.23906380241927,105.20934850403248,39.6680786154288,20.134791326716336,239.81723998765455,34.776359913528395,15.865458350778905,img\DSCN3837.JPG,258.5371308229594,183.8560517822575,18.877623073636265,246.51518831353366,38.77464882662527,48.224871756589316,98.27135751893691,35.64190955457906,33.152178734549736,38.6666998580354,20.300205392189746,76.81197643685232,102.98435632020308,100.05551673923011,23.557912465393144,37.09371840639134
262.96437419674004,134.53078907058736,40.02853056027093,62,18.67126577606274,16.154120797712576,210.37958075395466,20.27983300349256,19.468762606850962,20.256744462883773,40.294725888445605,82.8063707786065,55.75811309861504,20.09940677271558,20.18481345725469,142.35555947472926,53.65292069609128,116.25406611768645,35.57846989774497,94.16343528202582,38.223325868528505,18.735277888957555,220.30545464776623,38.59803117396612,17.950747513487745,img\DSCN3840.JPG,228.9001874666686,191.7512422495215,19.692056063848934,211.73106067668002,40.017600627332854,43.4993609306012,105.29158732305497,47.65523437472134,29.1006976119134,41.0802201006117,22.78714777693604,56.3147161991135,92.32426971814546,75.89254149805643,26.208122161953565,42.105048760540114
306.83213452217143,152.22175134662623,38.503515569075475,70,18.95550118711687,18.433933155988985,265.39171792635614,20.396469015925533,14.691137766169208,15.014139617941913,40.300351738559904,90.4102411952777,54.600777926446376,15.182535814730098,14.124390108810678,191.8490823712611,55.95078627695587,161.1128445866459,38.09603781625767,104.74165188276007,40.321736212365735,19.808500630293878,255.8735542091138,36.82657215561535,17.40189446527937,img\DSCN3850.JPG,279.2755736364073,200.9608370171051,18.84809202327662,265.3730033948078,38.86154176782937,55.117820332495555,117.22850023778467,44.59796667299605,34.67633264739616,39.30907247981198,19.61739523970999,88.24920266559042,102.25387785851642,113.6767378472004,21.31660908364543,37.00390741774161
296.72978810910786,147.70184818885917,37.771530689014604,72,18.137608618838275,15.053711326854192,252.1750000149806,19.768515030954017,16.772697498380744,17.119629830431695,38.51674973759764,88.71800857635849,52.77375465553339,18.091932725314944,18.105313323330286,178.4789809085709,52.20042760079442,147.3331033592918,34.16455858825998,104.87108721220562,36.90942302782631,17.964897477874906,259.3196022123217,36.03200378049861,16.74175213929368,img\DSCN3865.JPG,265.8146628592741,193.67897506919846,19.37110130974405,249.77936497892102,38.952282214500464,48.54508978090076,96.03254465059194,47.50109368094565,28.39255079034031,39.157514769308904,20.516944002517274,83.51662713823306,102.12199310594173,104.53340650645258,24.154901326725934,38.79190762344849
349.0217936511773,170.19103515898743,43.34803397892744,81,21.081749257245082,18.79554545561142,312.84935318758914,22.934598062712706,15.634761385698969,16.42350918112958,45.05294323010357,97.46170714345101,61.355410749949264,16.652692067450104,16.259765883640554,245.160445918652,60.03589048684159,200.5173553772096,40.18305524585881,112.44087496408929,42.410898588217,20.29605563971001,300.41344165769675,41.81711728002848,19.627572129537487,img\DSCN3877.JPG,319.5823121659174,218.81619669528243,21.24440723953395,304.7996451330496,42.996725855206286,50.00548111598597,116.11708925826959,49.90869387773217,40.096607952049474,42.75109658409977,21.44308475554417,110.14348107870686,110.76262574647741,142.71431550592462,23.208297751289617,41.61052824225436
379.84585704017576,178.9536145056382,52.089063636501635,86,25.510340259989814,22.296188256870014,320.8538656357621,26.585342686042004,20.780360701132665,22.277553568869227,52.84436791085286,112.5315043436362,72.7352717028597,22.949907010920775,22.720163224881343,246.45554819668996,73.30038779872146,198.23412160986365,48.49995629443588,122.61994485584484,51.98435128616101,25.179083571394706,338.94260551322026,49.33694523440858,23.140523365902965,img\DSCN3896.JPG,330.12857655444986,258.53345016831173,26.821816471771882,312.7982468980982,53.390920096905454,58.96289242027244,142.80393781808698,55.58793665364056,35.77857088388363,52.70014820715072,27.037035586820917,112.02403136852143,119.9740920566611,141.9017183373206,31.880764689627306,51.942555805334024
295.72636170390234,167.32863268787702,39.98755545334326,89,19.100882855824338,16.191225821984105,262.76559236840444,21.20262105241219,17.328148757452656,18.105084132698117,41.4840321895822,90.39635668386374,57.04479620745428,18.190806677146924,18.24640117399167,186.9446981065716,53.80248000204569,150.26114883521024,35.64536288054199,112.62307127158647,38.38803201907995,18.380559987004016,249.41860734088334,39.49854863154357,18.816063667945897,img\DSCN3902.JPG,271.35279186975083,201.23979026990773,19.863522588635934,257.4569325048406,39.85834524586264,42.37442492742157,117.57336457061467,53.165780857038634,37.20606257779805,39.893995094124456,20.67781989783693,65.8878702509067,109.77563915389192,95.5591623523711,25.140931432681665,40.99004623336545
272.00048860458605,151.25706092452015,37.54058037992642,94,18.386220408449955,15.28509288359148,231.03226619075085,19.31312833368946,15.740835665667412,16.08575969549688,38.49860286314797,81.93176669496972,54.00318570999971,15.967925727003774,16.128692707081306,154.07163790953877,49.63058592888125,125.9129416516368,32.67143645398694,105.67371111228766,33.59026729987985,15.33942082281651,231.83992509590422,37.417653114444946,18.634890318495813,img\DSCN3911.JPG,239.05455388234128,185.40804926454263,18.756200382796422,230.68882953065042,36.970780431175164,38.28290088988213,107.93471969016362,53.16045932524648,34.76918594161243,37.721390455383954,19.921584606691624,61.60056033660821,102.50110281170706,80.28129911973079,22.64069540161396,37.90949888546221
270.5420313708166,132.59117934189004,34.456734907070086,102,17.208289092863918,16.73624039185621,210.7437602133781,17.146539139026423,12.942247735151478,13.752152170309099,35.34905784447405,83.80350590575273,49.22383853990038,13.915091067597578,13.248873747047758,144.82541512431735,50.96318248855151,119.05504610125303,34.325917188185834,91.79346135353043,35.5496358343129,16.769290154125983,225.82285552865676,34.19348898227982,17.01408617905138,img\DSCN3929.JPG,220.4654415877297,183.98301320254825,18.606652720921915,209.4003175899991,36.49382081901183,47.50035801566527,98.10403477072262,42.49614741473675,29.500593068881233,35.72799020370672,17.503064757149264,58.184239093281334,89.3711420975649,78.29218293213195,19.834392495063575,33.814653114568735
361.3734541706727,204.8151328167863,51.12860186441783,104,25.373496029959686,18.82863153894891,333.26488036625574,25.801259967258755,22.903853018843762,23.08994668082069,50.57247770104719,117.02961686242391,70.68827431877037,24.503987140017,24.08375512913289,237.3423921335206,66.02713452029226,192.01253987266165,42.7502987018879,141.35538200835376,46.653636695597726,22.884108915865593,313.653446236176,47.529989729304994,21.999784906572383,img\DSCN3939.JPG,350.4358927437406,253.7164864350776,25.08804102796824,327.320485690273,49.66203031926388,52.33106134005812,164.6368850644286,72.47857138660476,44.21810342920309,50.83523095604519,26.938707758175426,97.19178723514,137.23483411815306,128.5263122247831,33.48811777163625,52.4544613026149
307.7621568898315,182.48666329734752,43.15757754113784,107,20.97560284542106,18.09404047631118,284.56679118388894,21.153728479332003,19.73603115268355,19.89482142243862,41.99558906485784,92.00378720816524,60.018967930221535,19.95191376094954,20.54348948927383,189.04351457735618,59.70189906479648,155.17465057838643,39.127907871627464,129.39425476826827,42.30321978224906,20.727336595985975,267.55138349387545,40.52971603594068,18.947757182568314,img\DSCN3947.JPG,299.6608862646422,211.5497643581873,22.07634139962112,282.51429341362,44.00950088435131,53.19829476056295,134.96601116640394,51.71648887005062,35.65503847821611,44.47609005060675,23.704518177528712,72.3971117667828,125.06333962113703,102.08790829715241,28.19975212539018,45.46671489507305
388.5980544873456,219.84959655780435,57.05221879572063,111,27.388430734367617,23.752397581736478,342.9991325768996,28.091612210659225,25.523577264654893,26.396500274894425,56.58901957485072,132.2800582861124,78.80402541259767,27.04515012732703,26.803077494491156,235.41046641688277,78.34971640706529,191.5957156973201,51.495527775994574,151.45017692606618,55.61076639611733,27.18389283187108,323.9890901221533,53.74421799970859,24.71788310087132,img\DSCN3955.JPG,365.38053148749526,289.26938355700014,28.787224188345288,338.9143190331016,57.48805677030511,69.44063415183615,180.30457752729765,72.33347593664578,54.1902087665227,58.43296568410382,31.363776858005682,98.18673983165212,147.70350763050817,123.15088774512212,35.724977388261046,58.79496793379395
283.0602189968851,157.07930303598397,37.89563286729315,113,19.03320609061509,15.836822228990705,249.82720801355268,20.273897124372052,14.398918181424119,14.577931442306571,39.67710585905672,90.27197273240265,55.135205579335036,14.48977610202308,14.104970266723107,185.00383634328992,52.68365343379701,145.71476885921797,34.34862310720338,104.12040197038674,36.290102860118346,17.121313255733163,245.32706692354486,37.600125358841424,18.614150802901456,img\DSCN3963.JPG,249.34340657194915,197.99121193906524,19.931370906973807,242.57354792045862,38.789680690314945,43.957103861646075,111.48842252352976,47.7217394140669,37.19278741488193,38.30326730326643,19.178962099297213,68.33821174870934,101.91963475252928,92.76305591925009,22.420876477890744,37.55217006089019
341.99027886930463,181.15794529423795,44.07322703027957,120,21.8006400702714,19.03716469554136,310.5386405234084,21.665277015799383,17.421228825259576,18.3971185016684,43.609127320325875,98.27779065184319,62.315729918843836,18.27596098494834,18.618341805376563,233.66484199351083,62.7705914920714,189.20575691013352,40.860301243241175,121.34520758749504,43.493449878837986,21.014982714761757,295.3708661069251,42.148191885478994,20.31932544160583,img\DSCN3981.JPG,317.7655477438841,223.35788008308873,23.611232147707394,304.5333104924348,45.96679659098154,57.378045694958914,138.5543609448493,44.79366255917178,41.78606986969839,45.21941763973918,23.6019905367533,98.75001725973873,118.52297786726503,129.381059272874,28.239475608339056,45.11181280922308
307.9340968305014,168.18510264075283,41.81442201658285,123,20.70195114698508,18.64524690388235,273.04273199793613,21.00041399516108,17.17567363973338,18.053288842840388,42.114082221471044,101.19575351978769,58.43304842169822,18.545566296885497,18.150243306693568,196.3795243901111,58.98437457458321,158.52301349033291,39.441415389174274,114.5393418536097,42.11127205473359,20.446275891648565,263.31799029221526,39.832605061835096,18.808934857911485,img\DSCN3988.JPG,280.53374649385,218.604084646661,21.335027685018268,266.4097551007069,42.523935133923054,52.061762230906076,120.87679903557215,52.6726298341045,37.121885011979636,42.152781454208,21.373371654737472,78.1841719335917,112.32821087181689,104.85836664299164,25.654846851747784,41.76657215244689
293.3410558707171,144.3638949521467,42.09262085645789,127,20.976588973243896,13.823628360782102,256.17799160670137,23.293404021121372,15.086865193743963,15.877906917323253,43.348330661190964,89.36490318659122,60.65610249786509,17.201683799442236,17.191489014481835,197.9557160775383,53.26105666068418,157.78887830996464,33.25895260010323,99.21134179095552,36.45515680628378,18.10043945094483,254.95969780299842,40.67847957969919,19.623395361182265,img\DSCN3998.JPG,262.3736641609268,203.25731592204704,20.80417427741922,243.86097433539967,40.383334230201875,31.02281070670819,124.63532623697333,58.87054507889246,28.89775437304339,40.05663545719954,21.74440795839808,89.52337907634576,96.97746696954933,112.71420858130642,25.075287520684718,42.307788750642565
282.58131542545186,139.5794150423276,33.24147200384855,129,16.350629359483605,15.766471939144905,236.48198046912998,16.665476545284875,12.878941425636935,13.575505787298052,33.55216901092853,76.26875629922931,46.74416542736632,13.61173403492592,13.398521214723555,179.85630094515287,48.70483117099179,145.24915338949796,32.867416216267316,91.46044825061495,34.86385247820724,17.258320260711983,242.15091127050715,31.829962065523006,15.19389094452685,img\DSCN4006.JPG,243.13107212142327,171.70360295451846,17.212929618235087,230.211588968498,34.41917591215342,43.138842074129535,96.41109800060593,35.947462179771776,36.550287644227026,33.833896433104485,16.777155323807104,77.10498989349902,89.8642479355387,97.27190521404053,19.401686578446927,32.74672778595293
265.40004228276445,142.41502130816298,38.47208519361289,136,17.87562009954514,17.189247039135346,214.61784299888873,18.79378100629203,20.379558215951903,21.174801797209575,38.175862131104616,80.58754406782055,52.66176679764539,20.748379407758065,20.95547827375025,137.42729049952717,53.50124665056267,113.52740383168819,36.46631163474061,101.11568373287892,38.574363576522074,18.747186299481466,215.93021728026667,37.251915540201516,17.59380455337923,img\DSCN4017.JPG,231.32228191872974,186.1660839146811,19.487965989093805,214.0188243070374,39.78304776468057,46.72589664658327,92.29549296438694,44.03271986624779,30.944451727236714,40.37268271106849,21.90420144276817,55.747897232846896,98.39049003437083,72.24906238067211,26.25971392378726,40.15643180208752
356.12934395809157,196.17331918089405,43.143725136473144,143,21.770456112319813,21.404773661149207,301.1618081787726,21.095706894017507,14.553842948532033,15.134550297433323,43.23250187118058,109.19280724250345,61.85090728746154,15.207549040234179,15.141410649306195,195.25037236062772,65.2351117997089,161.55669620172972,43.6105464159472,140.07222171214622,44.76475033003664,21.345000938301105,288.7448424779832,42.20089132123272,21.063689609062852,img\DSCN4027.JPG,309.6537930176415,236.2764054160527,23.775968244168176,293.27943760689186,46.28215914658898,62.84554401904939,126.92594024629051,57.16022747242799,39.902615233734785,45.23377129816171,22.169243892210925,81.29637094295587,135.23146519948807,105.6265014453016,24.009243649190324,42.57479315286159
297.92548648912174,139.32091135700475,35.7117618208522,147,17.13161145640969,18.642345745614755,219.2807743973187,17.21485136079988,15.934047529217962,17.2787680511989,35.17410502145576,86.32328390534148,49.570626266940124,17.494798011979103,17.0245839208686,148.7321934048052,54.76951714069483,121.23438300463644,38.25826051269615,98.85198773682282,40.841857152638966,20.66687113581796,243.7944723457471,34.263790247945806,16.23145208918519,img\DSCN4090.JPG,237.58118384923793,190.45085341346567,18.179295528192906,215.78055342067395,37.87296867425713,54.73939500580517,104.8359125319813,40.31805304926881,29.88834582576982,37.544535492379225,18.84645226347974,62.604390908795295,96.72127072286493,80.41423530715252,22.723093642143198,36.82562465197216
347.44162153117065,144.59357057999307,37.671336682444796,151,17.094959515300673,17.0950005059531,236.97957412819397,20.830669453195984,16.423953458608075,17.190302174925755,38.90148441170031,76.52437949865906,53.915640137842374,16.275178576253474,17.23608940225063,166.974668260122,54.43202909437512,136.50240973009608,36.27656527907611,101.39052613307146,39.303264836079244,21.33891019595552,284.85042962958363,37.0140548601511,17.31062665147029,img\DSCN4096.JPG,258.5803737784064,184.34364227060294,18.45516849892265,232.7359510712121,37.984287864513284,46.777702619805666,100.5039273346618,39.86185562750058,33.85221093602367,39.20955133328593,23.022230157219028,70.04851395709441,100.00017258813439,93.45543487741197,23.093213228078707,39.034274140441546
285.0874812948856,143.2292885017719,34.9174687090009,153,18.600052425790278,16.359305405303175,237.63622806625952,17.710279348029466,8.661177534469704,9.392296712542434,36.358605447498874,86.61601372313902,51.21915011377293,10.536511526875696,9.624314396715514,166.32968864548417,48.85629800771092,138.15932524576303,32.34688641907638,99.80477206780034,31.86486434757553,13.964828297620299,252.89831156954463,35.01820804639057,18.582758197298443,img\DSCN4100.JPG,241.22054805622227,186.67842378889384,19.216218599730396,242.88381027476186,35.06164731699523,46.33787325468472,115.89760413099458,50.2535739118026,32.70105753446788,34.967038616768455,17.08480138825302,79.49316488969497,95.81415896254876,94.8942411715107,18.210772059849816,33.73495257454554
276.1122916995635,126.54010821800729,33.331957019991606,157,15.851242600019233,14.082800663856197,216.25007400162193,18.157551315694175,13.138175394471402,14.011570507375643,35.58492459543629,79.77271357233333,47.65942310710549,14.966814108084902,14.13167095090327,152.38803157331105,44.992907204348576,126.60503926605632,30.009384577051755,89.68840832292774,32.40415185445878,15.70473487189366,235.43390987250643,33.220612520961595,15.737962527473993,img\DSCN4110.JPG,228.4343968895803,172.42019075804802,16.1529208551391,215.62068578490494,32.309002493951304,38.25570627738634,98.4650860293042,48.532235219996,26.025994244555825,32.448322438896355,16.542644010228116,70.61000523051916,87.21074961605812,89.781448596605,19.244860816765705,32.85669652738333
248.3382520711604,129.46426659682555,35.781746077247725,163,17.760170640360432,13.771428383105636,223.53560468558163,17.86421519855259,15.036222324716292,15.442089942386808,35.122870515553004,79.20525402201356,48.84559210204418,16.313963537383405,16.36676802153766,163.64740030693298,48.436321100467445,132.99597454641983,31.32476410169203,90.54269044115804,33.909873220601554,16.692561515810002,211.69390491246867,32.64572295852833,14.913302601660805,img\DSCN4119.JPG,230.2670412862478,176.4622304677319,18.462912669181485,214.11072559843493,36.294730678602,37.10230958344661,89.1011327831385,43.75188082298215,26.557661460904207,35.87359808724969,18.741376351733848,76.01546597148668,88.6807179115434,94.11084384660585,21.758037526519647,35.66695243341555
257.3181680137122,121.84467418260009,34.00991571935925,169,16.1116469684627,13.547636996679989,202.3497444752574,18.139312086884058,14.985213664978403,15.831905856099938,35.11119958812917,76.09428501571908,47.94760291356145,15.853998517082271,15.932479592618318,142.7336497801325,46.10555725065947,116.05773103350029,30.265713418913677,86.34795369459377,32.88259626261408,16.478038907105148,214.16325544125266,33.02249595970357,15.531199702538263,img\DSCN4133.JPG,210.72999482686348,170.12219261662054,17.06666127916644,196.7449990527405,34.050267886788674,34.91945893071926,94.01304211685074,44.16537864280429,25.87060524474972,34.154280662838104,18.393075994974996,65.78606132291304,84.38611783960418,80.51023343524761,21.196931526555588,34.46307424395888
279.06953149568994,116.98502127850423,33.15257288641099,172,15.380824348967902,13.858220127596212,218.67820430810596,19.830292048036313,13.424771770365687,14.227726772812078,36.68007448503746,73.24734242013294,49.39541227674299,13.291210897088316,13.133784877293074,168.23337358305437,47.76665384008915,135.88847789331183,30.828623991860034,82.85749319833177,34.44035000528765,17.955511997780256,236.13571264463926,34.3486292116624,16.59815868014161,img\DSCN4138.JPG,220.79991881868185,170.4050574459579,17.427865841731347,209.51846424547418,34.45259306049651,33.13651482479909,126.56691116025301,40.46760935691729,25.136986085483887,34.42743619941911,18.524101793077065,64.6643748639732,80.75565636559078,101.70626485632552,19.505072502836192,34.06777500977893
248.6454986337107,110.08154903088142,34.23559944547179,177,16.436727011782843,15.168649270432873,186.58129892661233,17.624118753638943,14.388459687159154,15.101509831118653,35.37569660176528,78.12178367557046,48.36810078806755,15.639028251478692,14.691490160566387,132.20027281234795,47.19715721317599,110.05061804368387,31.684744005824715,76.54848009652962,33.87826988255296,16.849707199529792,211.10511426630154,33.056791531899826,15.624763825095851,img\DSCN4147.JPG,204.91653301511036,173.55785666917657,16.50918803605447,190.91914656832486,33.52763017286441,42.278658914853835,86.63854458782481,43.499639167207846,24.299123049003146,34.04190465725643,18.265188542746756,57.513424570600186,75.27019659057517,76.53954638616135,20.907143831516567,34.49301228306665
253.71158909288016,114.41669989413433,35.749081666714595,180,17.11690550224346,15.724799330731585,185.14344965774043,17.999580059938555,16.37765791274525,17.264459401095973,35.64691928629269,76.80132005077539,49.53834405557902,16.807587322662318,16.641577725146995,134.96062591371302,51.35793794324748,106.6724641675129,34.11663409570594,78.58035730042734,36.924454011009175,18.689703604053683,219.74636387704064,33.59599510884878,15.538885856900725,img\DSCN4152.JPG,197.3469698704921,177.62169719437895,18.40367362341468,179.45524707862813,37.21204354023389,38.56954044502494,93.04451320140242,39.76535135160196,24.332119319954707,37.42739209285614,20.344379225528083,54.132432456166505,77.66776765574642,71.19600911949993,22.900190997215116,36.538110268288385
374.0687962790062,182.842227469464,46.2219394873471,184,23.806951095657112,18.945985523147577,354.61171196096785,25.046647055133178,13.856464484094634,13.657390324021184,48.46870213416997,108.23390712170185,68.40086336841965,14.848526848018446,13.917303378229755,260.99409465036433,64.70070741004737,222.18420262292884,40.416662117099044,133.07682334064637,41.60846603840016,19.563715327362853,322.4221870986675,45.69358011761621,23.232129611260174,img\DSCN4158.JPG,359.0678424360385,241.33065876183608,25.299168438412078,354.8472693185468,46.937173214599675,50.877577391925115,182.10248130493534,67.55709250995055,35.210001486873175,47.68089527818917,25.19393142916131,147.5289561688672,128.23123453293118,172.0287688358423,25.74305328692208,45.47799161263946
251.96004056202938,126.1842118646312,35.820944989008446,187,17.20306918273877,15.465460109914092,202.20300198081665,17.799740132456495,15.99936564115103,16.708425329558185,36.14714108661791,79.1236512259618,50.33347668899269,16.452834750972553,16.254326131672325,137.58482692568643,49.31963330987913,113.09031477070717,33.036206864344216,89.14289600949358,34.726694433755696,16.683836703770933,210.59937575711933,34.797089973555494,16.73435354602589,img\DSCN4164.JPG,213.80137852628658,178.5881510585609,18.043068829128096,201.21763580515778,36.21872151519322,40.79378301390655,91.19050077300496,44.32588230520856,27.372561649005256,36.39072423500185,19.20902568063704,59.39738438963538,86.76738871718358,76.0244966623105,22.418364303088488,36.3312262768413
330.61277310773926,179.21390192460947,46.45786171463057,194,22.283812754281985,19.32736058366859,287.3450934815954,23.484645435554626,21.244086189734038,21.65938336317419,46.35151925977861,99.21960879715921,64.66121793264386,21.001585588746167,21.476697216106082,187.8393628692059,64.52805564974584,157.04380282615912,42.00230354473536,130.3040534381652,44.91138406020234,22.39088814493343,281.69864306074646,43.804936133684365,20.49404568983772,img\DSCN4176.JPG,300.73145199374113,228.24042834596568,24.056399382315004,285.03104093080105,47.61706963100962,55.24586985817508,131.81589095576714,55.48943756089663,36.1052574760782,48.309595380225055,26.660516761329422,84.29258700227558,126.1334960483729,108.16163935456244,29.336041927228667,47.4298444294893
275.5953365544573,147.15070496907774,39.81530538829752,199,18.95049581473395,17.0570162254581,225.44528408245037,19.86990563577058,19.328802941480824,20.002385309464,40.198381870827,82.42595824264681,55.15070960854764,19.797982942117457,19.99374051552286,142.9949062594429,53.311001852682224,117.89412597751999,36.0196756576029,107.5810758723811,37.737068928776736,18.027931588173214,233.53773050425602,38.75274771855915,18.597700691897906,img\DSCN4185.JPG,236.71486287669444,190.5389244038095,19.824807775726786,223.34124890749757,39.683511952971614,42.84108491001981,94.31361444852149,49.17726953842518,28.908672103537278,40.088986531281165,21.305961652032323,61.1414085170195,104.40444377826601,78.29814637376313,25.261546399701217,40.241206997338296
264.1241734940512,145.0962658293344,33.46936708553718,202,16.805753432600586,15.27947214046626,234.08900071990274,16.439191639710568,12.784294454609272,13.199928350731017,33.36236208447436,82.71400282705667,47.04816168249187,13.179355579959312,12.842659525234478,171.3113964324552,47.864158237253946,138.47259083851506,32.00874540327922,95.61917477691073,33.729658937555456,16.41050445077987,223.1516598349078,31.65754792051112,15.110582933561668,img\DSCN4192.JPG,237.30359581921533,177.59918787829434,17.30011144430204,228.4314126257333,34.18118744292411,41.973256177714646,96.90636212409825,43.435650951303415,38.96589399685497,33.783059618142964,16.74520738030844,69.01996051348111,93.78099520143613,89.00518504698643,19.812694914628537,33.09880836093132
270.7013342003086,130.92075043988334,34.2122809088751,208,16.648449813401843,16.02220359879114,221.20731732382754,17.002733605711246,14.992609647837867,15.878014895187729,34.14415337371618,81.50352603742142,47.03533849074832,15.814527788803968,15.586129090793534,161.19298150991233,49.897850844275624,131.19521800097021,33.99504292174142,90.15992788423696,36.151258443598095,17.94047389686299,229.96676010905182,31.949219548615066,14.771191367922725,img\DSCN4209.JPG,228.9608958224567,178.40399869261577,17.346743611118967,217.25277924618356,35.54582484516739,46.2291827524062,90.10805418877895,38.37576598206421,28.632543161641337,35.52675997162073,18.265701739320644,70.71070583908694,88.78995079779509,90.44784249767359,21.36486986916502,34.128590464414614
285.89963076238536,138.1265702270057,34.55732625295847,215,16.445567671806888,15.87789005107518,240.1864693310147,17.19815474144965,14.070208884972342,15.110754851775072,34.4603347602198,79.9153726205075,48.40009576490515,14.826567126842432,15.016651254782053,175.63374797260008,49.632823159183914,145.26583299454316,33.36000999528694,94.95769935120073,35.759090421603,17.990778539991222,240.55225772452445,33.0592975420072,15.497647490279265,img\DSCN4218.JPG,249.68218062187543,177.90499701274638,17.295904496239658,235.86994431053665,35.10998941413108,44.95181613618102,102.2653641007343,39.551769754393504,31.52114513944394,34.95596596787849,18.492115454150014,79.79345753778439,92.95034089652243,102.06384824829269,21.616877215480393,35.05202769477727
337.3330940721536,193.99519094369873,52.73773845845639,218,25.092203412888665,20.843172516771098,295.6572926580182,25.484808054281906,24.659732777873227,25.475567793756642,51.37896479962129,109.24444632834592,72.55569399118966,25.33926582860748,26.173936970455667,183.9760397534121,69.23458861428298,152.62742857905937,45.525084411407846,143.0419512414535,48.0602746061234,23.114819703008624,285.02494173303234,49.68698295944089,23.290783511243884,img\DSCN4223.JPG,316.038875517844,250.58502881311355,26.013583104095435,294.45406260325507,52.0448110185723,58.4277076342261,131.7593402559582,66.64582952622811,35.46039593766397,53.233491992232075,29.494486708014986,72.88752051225308,138.10129348160493,101.68090023120301,34.15464310287,54.86249962492219
342.8164329799562,174.08960073053768,44.63566244188521,226,21.372908981812373,19.774938880846463,269.1363944897109,22.72190152410164,19.024616586212407,19.710269452609698,46.31239070161142,106.56809292083969,63.78918130425808,20.133542860065898,19.17720072695193,193.38090924945763,60.70834255447023,156.58964791735258,41.33817820351573,112.60233298465411,43.00340520419923,20.219298265382385,285.709698733784,44.64832061805576,21.827504837314013,img\DSCN4235.JPG,289.09188038389414,230.99890245718152,21.719631702749652,275.5654442136534,43.93590948523568,55.187096520446055,128.15265837948107,62.13292064371045,48.41658964962327,44.40341961468652,22.534140246245574,69.6557994564711,110.03667555650419,95.13157850176589,27.906818620427824,44.85631798480001
282.24344295284715,139.9186454603387,38.975417443770645,228,18.59729265267498,19.550099856258218,214.427018347182,17.41950532099703,18.848490932645536,19.613926593685974,37.27229543557622,78.37741648091274,54.1075241182239,18.56030737892877,18.432769959713035,152.0888255903482,58.938467001160326,122.06660553180859,40.420143151614745,92.66947191528824,41.74228050450411,20.468477072607204,239.8995414832519,37.47611223486865,18.283549916113138,img\DSCN4240.JPG,232.90156065853628,190.59266017320502,20.694575204470645,214.69388082753883,42.221772755295476,50.621679405107606,101.70932889833787,35.655600878201,34.53446232135011,42.52724604937594,22.433808355997584,51.90196270246965,90.66640777817267,75.19550700157043,25.14065586988305,40.81238159723686
284.0002664150067,155.5144544061089,45.028192711405595,235,22.27065924813974,19.57465890304842,258.3436603644441,20.140125820113163,21.66587031215104,22.41484996752353,42.84610320851319,95.447198268956,60.66480074985138,22.52555842467277,22.303408989703726,187.26714299766363,62.40714673282872,153.36914784527528,41.598151243899814,105.07878100440395,42.74555804202572,19.878180578794858,237.343063094755,41.63191354030637,19.932986250420676,img\DSCN4249.JPG,274.4832929846596,218.15027690406794,24.035335389964867,255.49389875079675,47.16954858730563,51.106178953804495,109.54096477004259,49.39245451477734,36.16094149118576,47.19668600143558,25.01869165107229,80.12441607511622,102.67361310553038,103.23884798117818,29.63340896544131,45.81219654900667
265.6318820818119,143.94264195659736,35.24297813531138,237,16.350495555957576,15.318231079998517,217.08572618947488,18.471979156623046,17.19192731185433,17.76270639714596,36.09389464672968,76.68705079534242,49.43499121571471,17.315096489798616,17.637937951608148,145.203598108332,49.38445623908248,117.13988099584513,32.9610947441505,99.95348793417938,35.97427861985101,18.214073204293122,226.15286466541806,34.344762677467095,16.137743725853475,img\DSCN4254.JPG,226.5396378547801,175.38820508023227,17.78719325524156,212.30357013608014,36.06610496707826,42.20677552644208,98.88311919194562,40.025747173731354,32.92284951773832,36.29029960098224,19.712760886778,54.402173578859895,97.4743920537983,73.1620823688593,22.80169061119719,36.48459120647724
277.15650861975865,135.89959262607192,37.183290091383604,245,18.41563819938909,15.333268154853295,239.8942703456352,19.15840790279005,12.034831449779526,12.279649123874158,36.58542732162763,82.2035035375446,52.281174985379174,12.560288086076879,12.9739896149707,184.48551134829734,52.48616429032401,146.22858036839258,33.42079929633343,93.90134711956804,35.400410732181676,17.80907455032464,251.41091717348095,34.01764426192024,15.424003396177392,img\DSCN4264.JPG,247.95850784100813,186.94925639579554,19.24118086672345,231.09675982804785,37.4988489259171,41.51153356217924,131.6007492470148,41.80083234136505,30.983268270618463,38.439079281229176,21.200194000225416,72.45911324132737,92.89037385868123,104.05377491799536,21.125057058437672,37.54748426619278
286.0648876702264,148.13604168196142,41.62771718428867,253,19.84811243691938,17.47744211589341,225.30703886304167,20.14189701623565,18.087189745258385,18.884657226433287,40.48910736674448,80.46159350764992,58.810845907283706,17.89826274127919,18.735490446103782,141.57103919255684,55.40430672327999,115.88196228080088,36.69965002423019,109.78338862359116,38.25022429270135,19.184585966580894,240.20461626483308,39.99965413642445,19.672204681069942,img\DSCN4275.JPG,242.03680766092418,193.6363835862643,19.80023282734208,224.26503270763703,39.81809911705566,37.547357258629766,128.85957000062726,56.14218921768194,31.224837587854978,41.561182204010144,23.903441324347735,61.08213243613854,104.70693624953348,77.21254639747933,25.11043578739324,43.09030235662476
304.55457539341427,152.7043695708902,41.917679607210005,256,19.4062921182492,17.095822086708072,235.620279988962,21.985187135976865,19.336014813253534,19.603191257512126,43.36473202903219,93.6729397755812,58.8222684417937,20.42243355019436,20.333624835618924,134.43509208011608,55.23763470836497,115.28876094444401,36.71901199913766,120.45325316045299,39.021352108925385,19.211625113595765,254.32723092987786,40.90032525059334,19.09568593532709,img\DSCN4280.JPG,253.52310497643725,207.03859996764103,19.874588165877377,241.0352147594243,40.30586811133879,51.5975508694857,128.97359275181594,62.33632289279074,22.84175145640899,42.23959104912165,23.215173110473422,61.40274082044111,116.13187821007509,82.92813819080287,25.23582527317357,42.96515679464258
258.9025431570729,144.47876572365104,36.98229233112391,260,17.785107629878592,15.904664362355463,221.96124489050877,18.460789253258717,17.531905473054167,18.188999316350476,36.71009362742548,82.28565375479135,50.795206395303495,17.934764969093347,18.1531341284585,154.41455498037323,51.629515660947916,123.65692440062013,34.52691069614882,98.32043856050791,37.110361473962634,18.362747368473347,219.92630574162845,34.746336144207014,16.124835889127986,img\DSCN4286.JPG,230.9139509233799,184.67273181041355,18.813741872329967,216.78110724977765,37.97555575063109,43.78436041745148,93.87367957280433,42.40720526949976,34.23688843256,38.09122425341425,20.207923240553864,56.690643278691105,96.4025219867313,77.50435977202147,23.57750594118032,37.69968371735983
307.45106183398684,155.86295370745623,40.05853395161001,269,19.56938989062107,17.64282474561079,268.01289552838637,20.875300981436475,16.045050199502217,16.886052641407833,41.259172714227496,92.17754206803785,55.971662234447365,17.250020955104535,16.88420696044193,196.60677655805316,56.57868595720259,161.36830549011765,37.79189879187983,106.800859360265,40.276860666941076,19.496155706031246,252.81980650760948,38.03599999648856,17.751528077395726,img\DSCN4297.JPG,276.97229557949305,204.726064155731,20.346427387641388,262.54853365976294,40.82631786683278,51.044303063296205,122.90970732877715,45.39683162189149,33.58054840995271,40.52321148959859,20.533473608922517,86.17978754825204,104.46251847116757,112.31704787006998,23.08097106148878,39.07846505494028
275.1696879957561,156.69034746778874,39.82139821165012,274,18.455681651077544,18.178794119028762,227.54270500020795,18.389976156405428,19.767662528961402,20.392734316356844,38.868986841360574,81.39851089050237,55.19799779769073,19.497498205650004,20.211975513499308,134.42843615879954,56.900406105349454,111.46451318577734,38.248888378774005,116.11644137758684,40.316323052601305,19.161331376645443,225.5899228232722,39.15371689576963,18.968937350980312,img\DSCN4304.JPG,238.65037492602497,192.71974039057642,21.29202183311807,222.51039065919605,42.525850112796064,48.10681692169176,109.24208901900947,44.132770611379634,28.60978492091714,41.93384069540639,21.968849574169987,47.57767509373015,111.97946584874953,70.87889922335052,25.53971275647667,41.71658482855317
301.8094846023599,157.76070524921371,41.98080841344387,277,20.078133088734543,17.61454882770238,257.7447951300215,20.990027668014744,17.18344452055831,17.759577166835907,42.4315201697419,93.34118942819346,58.94272771434694,18.539328353685583,17.982959643524996,183.6792256494736,56.59201442490186,150.76182523639898,37.78124905936813,107.004411054032,40.50735940146117,19.43515338541062,248.9827618511907,40.46229333931501,18.966458701144877,img\DSCN4309.JPG,273.3141425437503,208.76971752754292,20.225507112638983,256.8723982990561,41.00660020844605,46.03582878411046,129.93775309957482,54.833578883889466,35.92057506924333,41.34275481441894,21.264926586048972,74.84779547748596,104.2074508949328,100.03640576217312,25.439119593715116,42.38043013927851
278.2684662025972,139.47255974082483,36.83495592062308,284,17.640414920503957,14.994259050193286,230.77117055646528,19.63483462623397,15.37311350031115,16.04920153660409,38.345654783333686,82.59870588342325,52.69375644487389,16.15272076134699,16.0405946006652,163.0018302733105,50.3655319933786,133.6852725629545,32.931987913331696,97.11916389660914,35.03641961803346,16.972060704815963,233.9547905523318,36.5133697824368,17.56310248168909,img\DSCN4318.JPG,240.7202332970275,185.64432883069426,18.808292304550655,227.51037164767064,37.19100666192957,40.34474159101005,105.18117671205071,47.7533690320556,31.01492296587073,37.2847840970205,19.79490441052822,69.08687585521959,94.74010897903592,91.33045708960745,22.10411950379398,36.95220811397561
281.93277687692256,141.7422946510541,41.63010852992779,287,20.546378403117707,16.21140718368921,245.52066586044646,21.122175178311572,17.468934315465283,17.980702839289663,42.10318995842454,90.11545230491075,58.24023004120461,17.575067145480894,17.394988946664228,185.7189840657413,55.437335150369634,149.7390263153013,35.997309284350564,95.9282793152632,38.878461685460785,18.712719100974137,236.84967736192584,39.42154838846869,18.615969475987214,img\DSCN4323.JPG,248.56439837448434,203.79109691744284,21.30626748923183,237.39896986877466,41.68455950531937,40.07414735688148,108.72512676224333,50.79256562545317,33.236148378370665,40.86295688557324,21.12433932153904,84.71239216302119,94.14545244094398,103.81008447910425,24.894139023085394,41.08698600832922
257.53409584516453,135.43477337538343,35.86835649356154,290,16.35388817169893,13.297802493986639,214.6065940498643,20.114487155481335,17.05478223038025,17.417087174760454,38.845420628766085,72.07301616894719,51.87546667091343,17.20085044187718,17.34199457653715,148.2097782181822,45.44606782156063,119.6090662122441,29.80116175374443,95.77894711438938,31.744190414068314,15.632486477588515,218.39490072936556,36.81431841046998,17.894594049574074,img\DSCN4329.JPG,220.9435205770309,169.1119115571559,17.158130144160253,209.8372182787519,34.37010658955253,26.23988902302596,97.26193389880318,51.62929614118494,30.791754924601413,35.668267567942635,19.803543204905974,60.3825549338204,93.2508087607748,79.6377786858519,21.682938687879627,36.46191212836164
319.03315577443885,157.70959676212533,39.837385142754925,296,18.79644885735184,17.180308062448017,255.66891444656002,20.77954313577376,19.189996063851833,20.154753160994325,41.18052890752883,88.78194328830737,54.762107422185956,20.623317422263028,20.62197995038125,169.00764665357622,54.375351231158355,140.74088919517527,37.00361824903314,114.95480620597546,39.76662900121826,19.333985607845232,275.2377238732259,38.601685955103854,18.05186596919239,img\DSCN4338.JPG,268.14340021884874,197.8238575446792,20.004796929284055,252.99651488183756,40.19503377350877,49.01894324699826,102.19930228904236,49.915728464647636,30.251339805716906,39.898019616141106,20.31925604128823,79.4171691335442,111.25659465760691,98.05372328620707,25.185291722895766,39.639427226133044
291.209069433674,167.13963450138505,38.562468716589876,303,18.463979574414676,16.784776354583073,253.40599792888614,19.204532793670957,16.96619227957161,17.06661592371199,38.407600991968486,84.44021610364824,54.36291869791522,16.966946203201527,17.693222786466254,156.07168123973935,53.899233374025506,130.3168464200349,35.8932829169939,123.14217737790337,38.606875271584734,18.9495253971036,253.29224267950235,37.506344251795525,17.95960211923408,img\DSCN4347.JPG,264.85927158628425,192.64889139200096,19.334379311107362,252.43049653002657,39.13530976310068,51.11491145067328,112.33227903870066,49.43195142199094,30.76689748879934,39.25608326638954,20.37656442666177,62.59923783592021,118.11043607373895,86.52149191148119,24.708732625536047,39.72283377900144
290.2768496151255,137.87531036645603,39.807040313159945,305,19.18017589455477,14.446218308525475,244.137768714763,21.339258287124753,15.556216350928606,15.633050118906107,41.22269895852915,91.67867317833301,57.121688779439275,16.060674669367195,15.6803063710379,184.58157384449356,52.60841757458922,150.39004206266233,32.962231383423465,94.05166147317806,37.39376822354243,18.83836103021295,245.62609117119337,38.506810903983485,18.0441602938741,img\DSCN4352.JPG,257.1181068751483,201.36455876804064,20.099175636819115,240.31100583082494,39.09406390425339,38.98893827755286,132.57061342310695,55.623776183510685,33.81915392163268,38.994600242661996,21.017453785037276,87.27403232560387,91.3053926755986,106.45119867324465,23.67483350605191,40.7464102108247
288.2482714336394,142.09076365298705,39.07154238340446,311,18.472669437694723,17.439044665260393,220.0599529821954,19.359878272028993,18.70179865638701,19.498736697294213,39.37038375194885,88.26738827915794,54.27392615464126,19.446761596332692,19.369520981739075,139.6949836823229,54.71995841585247,115.75312574501565,36.963288247801046,104.31475022385413,39.381039419373934,19.222483600891152,249.6144355725482,37.96921415696166,18.042321611733037,img\DSCN4360.JPG,235.56647362353138,196.94986743444633,19.84883623883515,220.5142933031181,40.078121653285386,50.164576096667446,97.28644673814969,48.263305190473574,27.513591137484628,40.13553874128125,21.15593447353136,60.64617282577092,101.16386298113044,77.98054718770977,25.559874175186607,40.05014992107898
260.77497587912416,129.3675298618625,36.25286497465321,315,17.260862351246576,15.798700179329515,223.070696273728,19.152615904933217,15.037139052895649,15.768894276382197,37.100101151573085,73.81421993835005,50.490561974122706,15.481088225535293,15.70606377873981,166.34413426390194,51.79004562976821,134.5537510198662,34.24312176648921,88.85002361162901,36.67719651693002,18.358266536850774,213.76741587374488,34.26078944235471,15.701375089182068,img\DSCN4366.JPG,230.3766353830163,176.07970693655972,18.564323876449336,213.80157287640108,37.384519087876626,41.504484070695135,99.99119710122174,34.072505615141786,28.63188215152345,37.32282147760425,19.9289456677719,70.6099422728435,87.81433538993707,93.96179221405612,20.92527624065417,35.61316304541019
237.33896579536489,112.36524727965791,32.96790885107939,321,15.732329308374204,14.354310343644926,175.5747637678795,15.805891231224871,14.261038184932397,14.923504200369544,32.49004738662686,73.57703181009286,46.26766989157593,15.144651437020427,15.063681429701333,111.49844830839666,46.415205803680585,92.54297678213452,30.57659948993423,83.12969000258423,31.939360832834947,15.417878343796914,205.6809550176507,31.9188574215463,15.291670261976742,img\DSCN4374.JPG,192.93570522357922,165.80297225527323,17.100806953198568,175.0726640636178,33.854838315402425,39.25908899999352,97.34425302815531,42.87198893853393,21.670125086319338,34.479574934783074,18.702320812511964,49.3691985928054,80.45398235758012,63.376393578539414,20.645643902527823,34.20199503187279