class,zyl_zyr,n_sto,pil_enl_1,pil_enl_2,pir_exr_2,n_gn,psl_exl_1,psr_pir_2,psr_pir_1,psl_exl_2,enl_enr,exl_enl,psl_pil_2,psl_pil_1,prn_gn,enr_exr,sn_gn,pir_exr_1,n_sn,psr_exr_1,psr_exr_2,gol_gor,pil_exl_2,pil_exl_1,enl_gn,exl_exr,pir_enr_1,enr_gn,pir_enr_2,enr_se,chl_chr,enl_se,sn_ls,psr_enr_2,psr_enr_1,si_gn,n_prn,gn_sto,psl_enl_2,psl_enl_1
1,16.67627119060901,8.714419888478298,2.33840670023943,1.1368884648631148,1.0503861654586917,13.921010758800602,1.1416124267765442,0.980511596789806,1.0390082093602842,2.295115203060764,5.508357132308725,3.2280270211092286,1.089517035963918,1.0832736473701126,9.606755333016741,3.420419885578633,7.797318126297912,2.27011243601014,6.143775717225913,2.409768469306825,1.172017490668218,14.026286468357636,2.1885536339969396,1.013663759787784,14.76283525426911,12.151390781435735,1.2338807991897411,13.502494593306023,2.476547952496883,2.991234081384118,6.642979392942812,2.7891783359719193,1.6557613214900095,2.478020557840023,1.2958814717533276,3.9419181739695746,6.041184118145939,5.224025915411865,1.405120827059884,2.400459950454073
1,13.2795557545713,7.519638620740436,1.814797491055298,0.903792733056989,0.74811702860792,12.778092442885756,0.9341550921344886,0.761529019360325,0.7813144944120968,1.8458471179616942,4.137729259085867,2.5559175119163133,0.8190258043569011,0.8067197618517122,9.907602663591458,2.4795374423692915,7.866260368058103,1.629107323486204,4.914473177478893,1.7818715055324559,0.8649616205886124,11.934679990513022,1.732782658503264,0.8195584382981649,13.007597140933864,9.17072761035692,0.9211050451810915,12.437556173621928,1.8179509771313191,2.0282063261250727,6.048970748535007,2.1794917526229716,1.7664969404219977,1.8084448790088927,0.9079436556401007,3.973178950300365,4.825305124885485,5.262270082818732,1.146313468873039,1.8476059335709227
1,14.30467452747149,8.422559414689372,2.2479102796984525,1.1103930240657764,0.9142050659006006,12.881004761869022,1.1412696992930853,1.221150797874071,1.2724900565281934,2.159652316852996,4.715380970825443,2.9721517379204276,1.2993788710620073,1.323255203130493,8.801480183534297,3.1668561648798703,7.039456497296089,2.0742413916873157,5.853244027697846,2.295576584620994,1.1533076083989018,12.510198419189582,1.9977978095812832,0.9045029680814067,13.721468148419744,10.85383348763312,1.2202229507438156,12.557331425358939,2.420779281342577,2.8006319529043773,5.0629488715454976,2.2313225643769785,1.9211920046624105,2.4203632661881156,1.3204311899367884,3.5154415715451623,5.723753838781907,4.487658140798965,1.6706908634429756,2.3747121359010706
1,15.275257813750958,9.125307371381087,2.0099150186730257,1.014632840081696,0.6652748045512232,16.200905534917016,1.0732259319500346,0.8196017157554288,0.8319336299662196,2.0061645155636905,4.999905687674497,2.744841915414723,0.9227453382220423,0.9501387857163995,12.994140097265253,2.5014642664908497,10.31013591818732,1.6057893452617122,5.900979398566606,1.790926077401598,0.8766304434048393,13.330403788422172,1.822962487787003,0.8217529780853136,16.288026823693276,10.217790902062072,0.960600682474672,15.467199609483236,1.9140543211511951,2.0946848705502044,5.1132409036549324,2.9186146322218955,2.1349212799959654,1.892883091764522,0.9646962781941784,5.2121179816246475,5.76734911626366,7.103509223842075,1.2349707942988593,1.9791602438058333
1,14.036671515482322,5.883495685491629,1.4702088961766995,0.766625616826024,0.7806254265016861,9.79410920650814,0.789327711033112,0.34827546276713783,0.41422628726786204,1.5629218323642589,3.7716602765418497,2.235947467688262,0.390273776141704,0.36672409207120865,6.721669254283665,2.0829340644176217,5.589973169819214,1.4714229421451708,4.257529484162489,1.5349210629710937,0.778348585103707,11.848882352089378,1.5608361678583642,0.8569648365179716,9.812693149011832,8.086269643969743,0.6896758538972118,10.00218242833676,1.3621298309485408,1.8453078652895853,4.981597650121661,2.3407435712134963,1.252190984885925,1.316045533645845,0.5715420067947732,3.306659454404931,4.0874334013380595,4.003829685360514,0.7840061260568653,1.4497255210445779
1,10.152419817496206,5.162137425566706,1.486472513335347,0.6923751273733976,0.6548213980227925,8.44892680371311,0.7047782820786882,0.7311473674300731,0.776269494009844,1.4475682207249807,2.772750274381467,2.02575361710633,0.7524059478732588,0.7754625921010305,6.13293858914836,2.0515069389023863,4.958292754676019,1.3894019742468586,3.4926491555003643,1.4424067558956313,0.7027710162258429,8.395668288543309,1.4215152355661431,0.6828327478420024,8.975007785506525,6.8336420201032775,0.7583021776419859,8.28903921401549,1.521762550139705,1.4824893558619725,3.5464600659985845,1.466171310028611,1.2347741414646665,1.5284172311046222,0.8363579422576195,2.521334349654333,3.4144309435669133,3.290289489525131,0.9514254392726775,1.5181473917730701
1,9.580550287485849,5.527937568045085,1.330119520589881,0.6420336804288251,0.5668561409890066,8.49597729736577,0.6629337915056469,0.6560268121742344,0.6740704728070382,1.311036202807577,2.888877446900062,1.811564604555163,0.651683031030664,0.6683426973232187,5.910199439497905,1.8443275230128497,4.74052512153252,1.2218535905649612,3.7563983849223566,1.3153182600636317,0.6552752306945858,8.157513133672138,1.2346071672853367,0.5693650961492367,8.804281609395494,6.541912704211159,0.688156045768156,8.318743391138993,1.3662880299814821,1.529844497671132,3.84313305097672,1.5383504792081881,1.4283334761446445,1.3789916795717991,0.7435850589221117,2.3878461735070386,3.6611589302657706,2.972225162693361,0.8530833830234773,1.3531084653321328
1,14.11525301508075,6.692802640792283,1.6610020261296154,0.8277510281366489,0.761289073242164,11.121308801461675,0.8609773849274954,0.635109678027318,0.6651968963286883,1.72594258684843,4.219592555611905,2.4176176383922345,0.6797519253609633,0.6415941566896016,8.25416953983482,2.398702850444869,6.626653515512878,1.589178226713901,4.496363631779196,1.684577891683169,0.8077376608220049,12.384454225568174,1.6625419236243026,0.8240644695338423,11.646334576382362,9.035802261216267,0.8767269980064385,10.984542089462822,1.717245365910452,2.173391135035786,5.304855436718067,2.2321725639389354,1.505599780569873,1.706015775494367,0.8528746888163913,3.4699320671913956,4.404923682979224,4.434876172391539,0.9869648669941465,1.682678409161818
1,11.490299026945605,4.517312213894121,1.2732347833602125,0.6245805860486378,0.566331923604738,8.977702881576425,0.7054427037117293,0.36091291350935445,0.40942203209470485,1.3434525836538684,3.0650198396284036,1.876229126853492,0.3849068842224767,0.3815655391471392,7.274313028758919,1.8722905373202268,5.895608025289374,1.2144355978727097,3.0826320641375506,1.3165895515742638,0.6555345423478748,10.002235678853227,1.2678025801788164,0.6161732490573791,8.900579558655238,6.8069035453889395,0.6726555934825895,8.50220379834184,1.3212137202921121,1.47438558450277,4.476371248477567,1.5914090181791305,0.8747865958749257,1.2893501178425943,0.6553774228886826,3.18615474378823,3.0422308272179848,4.463435969151344,0.702450535536175,1.256961606109071
1,10.319276067568175,5.572344347693956,1.4337685188908516,0.6846162589992619,0.5908469358398322,9.310161159309349,0.736016058669372,0.7136993201453303,0.7445311314092585,1.437237420822891,2.7859749157419333,1.9545275253928343,0.7452100399578249,0.772615457847885,6.373542793529507,1.9825931055080603,5.244435483132915,1.3032022713146394,4.069497922805719,1.3988019520954598,0.6823296928801588,8.679836949517314,1.3646616936384601,0.6395503962985403,9.643602819373907,6.72077402698769,0.7736729322244231,8.972596913760729,1.5091246399983544,1.583745338962502,4.03417322266481,1.4321167065424443,0.9892864470331413,1.4901634325393054,0.7924024775075734,2.8581426762337214,3.9458238053724886,3.7428614721946394,0.9433415871353387,1.4506559580218812
1,12.146401348867556,6.6516285337002765,1.6201358346072425,0.779313167048073,0.6864544580161339,10.213430790824146,0.7909249112754281,0.7333500222107044,0.7600341915931009,1.5855484323289648,3.549574925121815,2.236056759442297,0.7918461922134746,0.7659862122238154,6.787219884720639,2.1573428021622902,5.552216009199039,1.4680468201294903,4.661640147129247,1.640148842932761,0.8352954075362066,11.148759910874007,1.5203015395663113,0.6935263028281545,10.890310525776165,7.937297721086488,0.7399457658827933,10.047795123945026,1.5323398276252742,1.7785650612082649,4.61043616250903,2.180715313688745,1.4562838957318103,1.5640825723420777,0.8063734021635717,2.519651853534716,4.521354116475397,3.563222395321596,1.0704622746581076,1.693447108613033
1,11.54846316715661,5.997111830613547,1.5199497836767657,0.732559573512282,0.6460073425280283,9.629887104256674,0.777182434544051,0.6828152369776297,0.7164858282967514,1.5224287670068177,3.4830087839449737,2.121113562994319,0.726853757772894,0.7364115967105113,6.608366009026732,2.1332263624717744,5.375330083626352,1.4054183890948524,4.2548858952223805,1.52419557720401,0.7583420190460313,9.924417510068373,1.453572246242443,0.6810570070022876,10.160887814447634,7.736225769118417,0.7847895410508665,9.440092465220248,1.5602271883977992,1.8645067624670055,4.773583249354982,1.8845658845675992,1.2851305624336198,1.5665881300595101,0.8346203177108888,2.9560833837667024,4.123314092942984,3.6333073529450353,0.954415505227958,1.5704428592414854
1,12.363364124197687,6.3279362836374276,1.6884568953208532,0.7803004885530728,0.6550078842394819,11.008691169390712,0.8886644344730814,0.903773613117964,0.9247973427043269,1.6816722597463474,3.3713090285949616,2.2836357665916163,0.9368440669737984,0.955553319717867,7.958131060701717,2.269911271724699,6.552478201012984,1.494728888812787,4.460252276129479,1.6717870825221144,0.8786591500063101,10.521413866640215,1.5662625891962927,0.6974967619318486,11.815863712890046,7.913001266366372,0.8316829104503267,10.73015041402083,1.7018501595087439,1.7451393018065007,4.416153481757903,1.9040902716497625,1.2813756785297303,1.7625752775975634,1.0065589319953865,3.756140528678892,4.375087768902498,4.69363668454204,1.1322845411763554,1.7911996719161576
1,13.495106571711203,6.252721265127806,1.6514802229097045,0.8279110772800414,0.6950928743275502,11.10191795624663,0.8955381687351264,0.5141746229428819,0.5146670480865905,1.739138337134931,4.136174010707118,2.4376217103138638,0.5384212313367142,0.51700653966203,8.563947263011059,2.382406691525099,6.787964636621828,1.506986282718152,4.315553043290114,1.5982768143822097,0.7804912473059933,11.801178197257647,1.6345612884931702,0.8089557374733648,11.098299930590361,8.945093015713772,0.9021517093589139,10.654541882544883,1.7213877018769825,2.036341506726642,5.289065534556498,2.1119303691825038,1.285379503886916,1.7075821121603088,0.8868584430568358,3.800224374034691,4.218464476426811,4.850481363372571,0.9266649419368845,1.6568678292260728
1,14.099328382713308,7.88840971884421,1.9343490414473323,0.9454266895742008,0.8472360256141317,12.547781390651474,0.9352860307304388,0.8618379873361524,0.8985628213661131,1.9137493492102244,4.4365869601684516,2.692059625782347,0.8932154051385339,0.8990401108490852,8.745859362010236,2.724432900547287,7.1093554300996615,1.8106300385030596,5.438426713169402,1.9096364788497247,0.912423941371479,12.08794028388293,1.8570162045679701,0.8896857579412139,13.013589995603105,9.850881682096123,1.0210788206109371,12.338702070779659,2.0128026880729686,2.4161774588304517,5.384783827965715,2.31511423383038,1.8150146574134542,1.996735712751192,1.0333505612896035,3.6716050612033824,5.28530984896474,4.659499995551053,1.1709119326574806,1.9713233895149855
1,10.650185563357471,5.1974917884923,1.5101040957503076,0.7338894739423256,0.656359285292254,10.22143464547425,0.8375785684759578,0.6281870624410755,0.653780166076461,1.547095652403287,3.2236826626944466,2.105468971738869,0.6503283840257995,0.6546748159053724,8.183661989687632,2.1954747076362398,6.647617087856191,1.4553062963433385,3.579513081463669,1.5788615662243146,0.8266680426937248,8.756144281394088,1.3967136521721633,0.6205898498492826,10.244006003660813,7.521425515493558,0.7662248517274787,9.683870075431656,1.568248423396115,1.6968973864629149,4.292385498357379,1.5267875603311423,1.1013420086919399,1.580042591433809,0.8504073924248529,2.26575327093211,3.5415908750171705,5.034747372189069,0.917780184938055,1.5214058449078338
1,9.355403564100627,5.075264897442399,1.1983425033743291,0.5952549881302743,0.5120743088662173,8.922525536720196,0.6197064979930912,0.42401504987792343,0.4325446387968295,1.2172095754138574,2.624741133929722,1.7184992997691004,0.4266544599722752,0.4331151005633528,6.598050997578153,1.7141942305511446,5.420440051205548,1.1001790656202972,3.5027858320333447,1.1651833431839551,0.56752243674628,7.734104231946981,1.1535369740888723,0.5547502466270674,8.950332509766321,6.054790081254654,0.6472399159032033,8.539482631771271,1.245122175180055,1.3122644603230769,4.039965766026922,1.3806426014364281,1.074717189033583,1.2292805172683234,0.6382125381516773,3.05244725896199,3.4138094018010907,3.853195219430857,0.6714605022921274,1.1928631578170423
1,11.196876039394471,6.089727082119755,1.5294457124729388,0.7515324099705964,0.6008673355164751,9.937405790599982,0.769773941470998,0.6245261421341354,0.6510763899820401,1.4864526569111327,3.422188296545792,2.139643441591328,0.6362783857403951,0.6702720541479986,7.388889482862084,2.1543520235403735,5.833144098598619,1.3620135833788782,4.104405054789936,1.460855392597513,0.7352775661339546,9.96062714805206,1.4236458236279175,0.6638448919490527,10.069450088626597,7.716026413041663,0.8302873357290192,9.497707230984712,1.6036355458447444,1.6637828096196101,4.38671086266266,1.7920805358627765,1.5783709541132354,1.6031800344563278,0.8894907232617211,3.2146857979699175,4.027796092114323,3.8477528622150494,0.9744854306434272,1.5803346295574985
1,10.153851982302818,5.2318249454821455,1.4304071958851263,0.7214858043485887,0.6060270918392874,9.663562707921267,0.6957790462947807,0.4687174859190409,0.5002724599197281,1.4070054427359058,3.2440793811499713,2.0449284110207486,0.5069023200116252,0.5107402769986581,7.147948256149402,2.0326015281695584,5.972850937903155,1.3069941118234107,3.6913170575177596,1.3627089939926773,0.6437938323007483,8.426952087260375,1.365495441111021,0.66455249616765,9.972315116638265,7.32092705377827,0.7668252187712499,9.438893827671821,1.4830616606778098,1.7123986763567167,4.228298329851622,1.6852611729805285,1.0242485570764979,1.461034331848417,0.7649789164141607,2.926757952104432,3.5774536064888163,4.431926960203626,0.8516480796830712,1.448379801696352
1,11.343376763255277,5.4145117497878,1.4673311248961982,0.7238646163113563,0.6103480077729614,10.246550574121272,0.7556175427808162,0.492155863800542,0.5055352139031377,1.489069899510189,3.231640136903351,2.0887723081587266,0.5059063949947233,0.5075608584233542,7.741124299994067,2.0637730097335476,6.4548708676302775,1.3199871545921549,3.79170659633367,1.3732121388209093,0.6550665598141359,9.800004903093122,1.4016916490041926,0.6660479592544576,10.409783159843167,7.384143326551679,0.7763382118113163,9.95478711373849,1.502793287960819,1.5150474401245684,4.622266636572494,1.8120780479553111,1.0818401920831704,1.502748831562417,0.800195215464916,4.033989229410534,3.695380756654133,4.834792344437183,0.8075537599052837,1.4297056500165786
1,11.76504533267779,5.552265133456723,1.4505046287303045,0.711061987975699,0.6120088599681838,9.555026713533627,0.78975566209152,0.5662594760701637,0.604284103866729,1.5199444475814792,3.3462368147510446,2.0950855320687682,0.5736902747482406,0.571200303715622,7.954983695683321,2.0451507040204375,6.145889498698095,1.3397884498461037,3.4092347934323604,1.4355725148920462,0.7007754212061044,9.876810847926661,1.4383465458359646,0.7005650341738455,9.557616839457383,7.482420805206612,0.7621726020389422,9.211232005096196,1.4979387140360987,1.6968864156419226,4.351647075991711,1.6498710632605802,1.5322611044898446,1.4645789566018863,0.7532314071163814,3.067637944873202,3.3782436327039327,4.002862178891241,0.8703569220876558,1.424461403777647
1,9.264592109375359,4.72109512519341,1.342296220501678,0.630792249960479,0.5580862349630749,7.28831822173979,0.6877229512435543,0.6284044889862097,0.6501161054052114,1.3720833418110863,2.600148930736718,1.8971046466768289,0.6386660437986431,0.641960163743504,4.745269363055241,1.8066499930354722,3.874783780956301,1.202812759808081,3.4145401369000465,1.2621942336227059,0.6054706479952272,7.754277677079407,1.3305168989622511,0.6446366871008492,7.68447146926553,6.28629335969593,0.6744020192927529,7.1382470312883335,1.345482843089512,1.2709959300032179,3.682408672909699,1.5727510189153713,0.8979894509813822,1.3666324107353027,0.7341286962590928,1.8636697458443625,3.3176355530460393,2.5672289598407656,0.8103860034829249,1.3660030860855006
1,13.906354892561549,7.0255171616744505,1.778609427844851,0.8313042433190614,0.7770764818835956,12.00810556329249,0.9005378502574456,0.7610969581405446,0.8039045033208694,1.7976898527302425,3.7835581544055525,2.514484830132754,0.8130407263526759,0.8214362357524355,8.495799427309816,2.5039957477915307,7.127869645708814,1.6538256219856828,4.882966714382735,1.7681113842851939,0.8779422441824799,12.141808163186733,1.7438548222835086,0.827542917623963,12.976914238233428,8.79915968726128,0.9042421009543617,11.983108600738483,1.8084079945760054,2.1388568508548054,4.512562670969039,2.243529081155206,1.6999379195058286,1.8217135778043494,0.9929174100121148,4.011018119515896,4.748826417248852,4.984553772480101,1.1115213704725666,1.8387318984772463
1,11.244320844522457,5.874805714843152,1.5355777775488213,0.7495277908163729,0.6371128268213111,10.00235093696727,0.7817440155800471,0.6564898429364401,0.6932551819392866,1.5582982177766485,3.4123796205013615,2.1216900018730303,0.7129702365850505,0.7081257621628698,6.845293851527094,2.0807088857329843,5.703644034030482,1.3736918645927036,4.298797191429744,1.4768165498840116,0.7077564745285411,9.422735877067222,1.4542400340859754,0.6777167618828134,10.350571752715187,7.613316321319943,0.7826559119780205,9.801685646372075,1.539207949604382,1.7975033430625107,4.519608632830328,1.875171790389395,1.019574795465564,1.5213698027964857,0.785122774003338,3.274777754468454,4.166517617876857,4.127545222667349,0.9310509027589635,1.520045298447315
1,10.921834224360195,5.527071571196229,1.219374674468605,0.5612151177801304,0.5327899180376724,8.464339884939076,0.6503742991726535,0.5207139529414361,0.5379584050098296,1.2537845426550185,2.997262995271817,1.746563355611984,0.5145604984046359,0.5109108850957854,5.538253864781371,1.630849532455648,4.564711606469292,1.1290090332280596,3.9084674121031844,1.2368134247577371,0.6424691111312832,8.938457663178593,1.2044938878165168,0.5619304989614674,8.811926234777609,6.358515873486149,0.5225689966990025,8.365362259888744,1.1284910137675586,1.3781467521892794,3.7292137236615983,1.9673157584917778,1.1752604514024887,1.1691331452316092,0.6239993082881956,1.9740838169369557,3.8125634042929444,2.947051153815375,0.6691871685710055,1.2472316704100481
1,9.026682704052964,5.137307400038507,1.353733523538398,0.674328767031157,0.5877451615460043,8.268486775952375,0.6492096300875422,0.6335588401912612,0.6623973139681042,1.3082582858716123,2.837508185030182,1.8427298913196395,0.666955482063013,0.6799201371396912,5.945739024544468,1.9020391925234015,4.7396920761566,1.2593256654729637,3.5294494604608,1.346145261576586,0.6535130544225033,7.727079073846362,1.247982849455218,0.5894634602361091,8.612807727558883,6.582007921600597,0.7225524938786727,8.066937103953707,1.4143749622454602,1.587824204962431,3.756199949392327,1.3860021965937714,1.1185428910115953,1.3957288192555528,0.7293293701309133,2.310670827320957,3.4349409715771246,3.132555972240376,0.8825064998739911,1.3894448217683144
1,8.021669613252305,4.578347601039935,1.168045229243214,0.5822352472719285,0.4774024650559854,7.729598214333027,0.5851516797892657,0.5129047037839469,0.5280025053811581,1.1492589919898084,2.580042992816454,1.6135401447339381,0.5468959264929847,0.5520113087322073,5.596994560087533,1.6282831060608831,4.544254300740569,1.0633581483549739,3.1884501792899833,1.1359534750164555,0.5466295803343664,6.933246202891925,1.087322393606891,0.5059969582111499,7.9978922877854295,5.821715890780237,0.6180293073142823,7.4981888926133236,1.2190247500132045,1.396001450423046,3.115343515584374,1.3010766504714935,0.9080527779810423,1.2093269702452287,0.6297082791948966,1.887426774446465,3.1128941732587387,3.1546799232574556,0.7562925431336807,1.195526497827388
1,8.38738134650261,4.851802975429718,1.1299975465109364,0.5513341164797436,0.48488621563216583,8.075765774205733,0.5917202456515145,0.50791283510843,0.5123749378821225,1.1475086549041442,2.6398403949900686,1.5863601360882804,0.5152207312299538,0.519465582520405,5.646355103501723,1.6404495954374512,4.669576062025373,1.0719043931953673,3.4150462348753514,1.1465358956990042,0.5610776347841057,7.250179551938698,1.073994821745341,0.5018774475131214,8.300713893152164,5.866620455884767,0.6089295177767609,7.885717235871594,1.2134764327834617,1.5534458275335594,3.094128006406814,1.268308881359481,0.9495807121775329,1.213370521606678,0.638996301791256,2.0533472239908526,3.3263208422088395,3.2421849704805203,0.6923372868331473,1.1568406810709972
1,14.367170011139045,7.373615502647461,1.9845860118958831,0.9505973804565787,0.8214724369350963,12.342699434727992,1.0372324886475246,0.9215031586690714,0.9655123428739447,2.0465134323314955,4.088934796401692,2.7960057099254705,0.9649591607580729,0.9611208115340169,8.678979693978578,2.684413648344036,7.151824114947253,1.772549473337643,5.192647701344257,1.9164595864851601,0.9291791904010513,12.22288763749632,1.9535747288222236,0.9310247071406188,12.914957072728834,9.566965631357043,1.0167087952927905,12.162529807017474,2.000388350173211,2.1150666653653776,5.825997123594576,2.309241718980699,1.6082840089255928,1.9928061595688404,1.050668300521121,3.455513914396816,5.03533006132644,4.970999006823162,1.2687737196601498,2.019463605899339
1,11.172500216121591,6.15261437558827,1.5528761826029278,0.7546013246724046,0.6002559908172838,9.888738279193664,0.8060514787704396,0.7075938954019155,0.7198534758852088,1.5724879551450006,3.2966205725872304,2.1752423787310002,0.701092731953395,0.7191360964130024,7.217368315647366,2.0778237524814154,5.731227395968524,1.3448826196723276,4.159213028065602,1.4576329911850552,0.7105992357112972,9.411093678853867,1.4891451038573638,0.7035249320300118,10.10183921573833,7.5486883796528454,0.8040266579315188,9.584201282107761,1.5733514639012043,1.5561155689421453,4.626385143955245,1.840159604811988,1.4653780884824348,1.5666183213648532,0.8266495144780243,2.960316698033068,4.062017215922279,3.736818988732606,0.9553267463107176,1.5654372598402673
1,11.122859023996671,5.090152728411234,1.5820775559378621,0.7515652304664348,0.6183395435793263,8.903594282381164,0.8411838059500231,0.7746520073437902,0.8238961546191101,1.6178679749395948,3.1051780756329874,2.1818832738049285,0.8239696613218124,0.8276399392038198,6.9243745710333515,2.074925728687446,5.454135979371516,1.3963909167255448,3.4494823500541307,1.5273521269272308,0.7550559350102379,9.186736731921654,1.5218888466654676,0.7094988617833535,9.25473934101193,7.357302004987328,0.7764318363093371,8.526929423476663,1.5678043419281904,1.4711326302238854,4.1650290653500495,1.6517306200896273,1.0408187693644098,1.5529879603133023,0.8169982737194793,2.2246113952419226,3.3901009090429723,3.813797334133231,1.0276071768768957,1.5920974893864213
1,10.578773298795566,5.974133452313178,1.4821489164235235,0.7017267641248284,0.6246385948335719,9.494767089945244,0.7742950106701268,0.7099984080888073,0.7208810973164638,1.5033808531388357,3.1559205824119325,2.0640011654354553,0.72131754766698,0.7278601234375014,6.583590450816483,2.076924084978811,5.371319025578808,1.3683070068382661,4.126332146255174,1.4917032149838005,0.7488799287717067,8.904845895348817,1.4102678633097034,0.6507161876391259,9.949035714782376,7.294369855562837,0.757271564637816,9.308681199781397,1.527458327724414,1.7801354372558307,4.543582455011282,1.6202294169673368,1.2382496164222607,1.5511234437341859,0.8397130133998861,2.387894094998127,4.031761866031482,3.526431704533266,0.9261197809919635,1.5354418610112828
1,8.787377689849007,4.333009741234736,1.1239236898213953,0.5446154221769954,0.5406856408348151,6.770874425231877,0.5586689993886242,0.5211121901435879,0.5498908694045165,1.1246603800255273,2.586052264018489,1.573206905469948,0.550869594410361,0.5469570785882819,4.631566298544864,1.6702204821996645,3.7152578941837042,1.1299285069962486,3.0616067999412766,1.2094080931369742,0.6030730831314927,7.496743260025088,1.087833268968506,0.5214362588516952,7.2200185525739755,5.8259799845038485,0.5967539074160217,6.612632796539053,1.195320299068763,1.4714938017608674,3.4004619127839613,1.2973677257212601,0.8807730872002655,1.1878166169812996,0.612686542829825,1.8275809398437732,2.979728822988256,2.450503524345589,0.7159355297135411,1.164206056312161
1,10.888721152126177,5.344585592979654,1.4760694764395725,0.719814446899567,0.6795130857864843,8.633755512130397,0.7261140842253947,0.692389498185644,0.7354149245817203,1.4643138972379126,3.3428914920764123,2.0404048845253984,0.7458780920051608,0.7358509737691945,6.081663127941077,2.1398746701546387,4.908596364754744,1.4470311667142859,3.729426930289883,1.5604622747379302,0.7716507026677986,9.447283041852963,1.3937906326816618,0.6599935772960769,9.255766778965606,7.521958032574561,0.7683961439816778,8.4885231297332,1.5497030634104518,1.869994739113409,3.8021756141881187,1.6825759428554286,1.1300066725334241,1.5380978408943484,0.795351758055006,2.34464550744586,3.622475879817351,3.306572450416331,0.9971129523571007,1.5336089346727222
1,15.917977801355612,8.12415709004363,2.0508117263228445,1.0094084682706361,0.8511530679313295,13.949434092448833,1.0467547508687272,0.8233250656336896,0.861187823496779,2.0818907231335513,4.9690083588903455,2.9068139051115396,0.8834730964987533,0.865441387256335,10.168039111480926,2.8211158293560064,8.370893845387602,1.8484593571647823,5.578581103039084,1.9918639736224144,0.9569865239077324,13.772482385873687,1.9798990957094107,0.9432992242384508,14.520067985986143,10.696895781737341,1.0430640067663073,13.76715866563555,2.066533927117876,2.5383698988703363,5.7679290250182325,2.701383824196203,1.7422452398671486,2.055288264668355,1.0624004060875671,4.558535748188403,5.446902560207311,5.825405076800391,1.2637653980978827,2.075913681540359
1,11.97144381869046,5.670868660132561,1.6127019051825637,0.7728160399580867,0.71592287733003,8.907463588148824,0.777222312210252,0.657448969818201,0.6983369975698384,1.6202939581221105,3.594609472016356,2.288583218391959,0.7143406180727498,0.6792296419482432,6.358675665455952,2.151650011881844,5.199694246915486,1.4921375988881562,3.70964744322267,1.526261079175868,0.6974753035072202,9.730881695498352,1.609326067375269,0.7832643799189976,9.73324859367239,8.008409365503438,0.7538830716324743,9.158088259870208,1.551047039635849,1.9012053462131175,4.393222310352155,2.109636725523559,1.3106745518167935,1.5708825982107928,0.7846310237721611,2.2168715515000113,3.632934058659019,3.248069740047015,0.9647052351520062,1.6315542793681341
1,9.877869245306043,4.360781062071137,1.2227580487692842,0.5851468213969181,0.5359377654176793,7.45979206926266,0.6335321365827049,0.503364674151677,0.5488420506901915,1.2460839783849977,2.7028749622897497,1.7236564932896505,0.5427407797891728,0.5382004051006487,5.864366268356321,1.7286336099192732,4.614499538425068,1.1470555824320448,2.845690981891335,1.2304360000075656,0.6181199010361155,8.75428748543826,1.1782327953727263,0.5546761858891427,7.796857800903029,6.153711949468354,0.6217820902331088,7.307890245362345,1.2377698175545575,1.3721240988318717,3.7622105866426634,1.3726282666836318,1.1467034956694484,1.2427892948114498,0.6660834018417906,2.4448369503232192,2.8123216588840543,3.099106275298441,0.7500780057197631,1.234873183769966
1,12.13519461560922,6.228861363796652,1.7158697363262736,0.80975077576173,0.648881400062669,10.413233892730924,0.9372812434848388,0.7557173272360563,0.758000060382777,1.7973458631863144,3.4807181001865364,2.4228217972237927,0.7857309880910288,0.7823092866793184,6.614418793580822,2.1884936610295536,5.605702302182627,1.4318773734525572,4.820418025773154,1.5409415211900888,0.7656532905409336,10.012696150264928,1.6728991748766275,0.7853914139235438,11.082555817832795,8.081606998132486,0.8029328554136537,10.440144666623357,1.6130575711133783,1.71105853115463,5.221763675177768,2.5004400451081565,0.9536338831157889,1.6833749393852693,0.9209900885316625,3.3341027408326314,4.6234264367892735,4.189786549480643,0.9745971037439393,1.6984141545084368
1,11.026158563570942,5.521842732552059,1.5923744818187144,0.7782893557554247,0.6663862816278355,9.05138421877432,0.7922820349406409,0.7558425115443853,0.792153235407826,1.5814072642810455,3.440373577924514,2.1830776753187657,0.8023989542075771,0.7900245704778883,6.543071367536328,2.1748617347509493,5.262011715018218,1.4661357995538384,3.7893737896332405,1.6019281326134442,0.7843388390118641,9.397177010916518,1.4909075751295975,0.693223621322455,9.579263176444789,7.796821181602827,0.7921150946250537,8.88906572620603,1.610654278385906,1.7987860691191095,3.927834257373421,1.7916682837213191,1.2023223220078183,1.5976077148711012,0.8211464605557418,2.4710635443745463,3.700990634148496,3.530097129588238,1.0271512798073688,1.6268830305079387
1,11.048049203355824,6.218209576111575,1.5866327580719122,0.7838407284977122,0.6533155465729201,10.717263531010031,0.7569342903136324,0.6756252000021331,0.6947635564126355,1.5021481564536725,3.1050990483554095,2.169457554880408,0.6992988327986319,0.7366407920586694,7.478203139565119,2.2166108801598385,6.188225383281996,1.4216782256549851,4.5293629311782,1.5240235758341913,0.7566258444558311,9.650364908612461,1.4345142553620445,0.6572972796460363,11.154393621997206,7.486490914843442,0.8414889016561942,10.528844998594971,1.6309415619073446,1.7942330924924075,5.723744160646223,1.657188449340354,1.0768606233941869,1.64893279910122,0.9018159394622329,3.303188170816673,4.387619489987235,4.499064762988647,1.0205448221781364,1.652552318910789
1,14.56755668015981,8.499073007484688,2.16740889178199,1.0498685962789946,0.8369851680837316,14.877975714981844,0.997853157996542,0.9643710963300596,1.0028480395715513,1.9702137466469878,3.845097017068404,2.9350127378677118,0.9579531801186145,1.0620581093552148,11.07044670378253,2.9470830630887432,9.038121710204678,1.8559095309149503,5.840029942577513,1.977507230277413,1.0009488311319312,13.208953622064142,1.9223390971573253,0.8734896476634887,15.754569543144637,9.709228845975312,1.1396054998548686,14.64573934984657,2.2078016812506958,2.0345742598783554,5.678429786336211,2.2425610390903237,1.8909877438282925,2.254246337164066,1.3391127259954863,4.7686882861417415,5.722173540535777,6.379844513068277,1.4400275446619537,2.333247213985148
1,11.405087162299742,6.095084475004177,1.5661226901014231,0.7588690427436243,0.6322141739532354,10.217948426048805,0.811755410993711,0.7403151760374315,0.7745609362037822,1.6034170481286572,3.4645443386661556,2.1705437453762553,0.7785113532901813,0.7788397694294625,7.303646442580279,2.11195974525757,6.0072209865285995,1.3937914411817325,4.210805213869477,1.496381147225082,0.7056531685165124,9.222579153874571,1.5096486523765025,0.7121157045730976,10.48397762118373,7.746573253545748,0.8219103589789328,9.981135378712123,1.6137023454540758,1.7952898429218624,3.922690054125596,1.824607849073474,1.225310182903925,1.5825540964349643,0.8184384368557069,3.1634903804873855,4.116162049797855,4.1231345572301015,1.0082269162616697,1.570594379499869
1,11.414404276068407,5.60030022684846,1.6355566224532327,0.841239866073341,0.6484491717726849,10.484613359635315,0.7747979255422583,0.7003190052768761,0.7335821237726002,1.569777879753427,3.4711433464193635,2.213665191785768,0.7480750405654336,0.7574605717888652,8.2129781809581,2.261140308296876,6.6078928452984105,1.4489628255236022,3.8773441505580535,1.5394331197014723,0.7296888859111916,9.862786876030746,1.4853420185855384,0.704505359327649,10.553880265634517,7.941371863304558,0.9158027766676705,9.954242011253214,1.7345636949088876,1.7233920783582974,3.6266985614022045,1.7520546642629224,1.1301416057405465,1.6709498235967222,0.8668370121816499,4.116885455762464,3.801976918861696,4.891472992038884,1.0108258856148542,1.6112165734788255
0,14.369353194039064,8.15530565336962,2.078784599012059,1.0403148661283095,0.8646204757997713,12.532173102453497,1.0347415938234121,0.8601585384299741,0.8883755632167282,2.074922854132702,4.871487634510991,2.9486015974831803,0.8865795621462519,0.903611509124517,8.501119739979698,2.8675820976630475,6.781829598017464,1.859579008682167,5.750804553681358,1.9716676380146017,0.9392026492737756,12.411348321358616,1.9943806556062011,0.9733485862609336,12.942508160224177,10.686746363240346,1.0967521821263648,12.362328132297149,2.1244454034296174,2.519770387009793,6.431267906730535,2.6337330482215386,1.6528991073495982,2.116107401701383,1.1106849546844029,3.192618171767206,5.548191237857341,4.376952483025994,1.3249056423588137,2.1337188313442965
0,13.408495953045628,7.647862999144253,1.9746397173740988,0.9614675498769985,0.724475218927983,11.757435482042823,1.0160696125606985,0.8572456301534214,0.8644660220303229,1.995369167995967,4.5931663053900875,2.7997580755945095,0.8578413494686455,0.8790019172113932,7.90284107104571,2.5791326403252772,6.333983314745716,1.6535696967060982,5.434794997017879,1.820727672048588,0.9088336866576863,11.565224346186843,1.9015458058059662,0.907742504654052,12.249199005428668,9.972008059041292,0.9828343829649787,11.546872749063965,1.9408804322917124,2.159050436072065,5.816636094109799,2.7247590132878146,1.7743435899057065,1.9445784501612955,1.0453738425216093,3.4050867290338136,5.221675903047076,4.120485528293715,1.231555932044722,2.032732147450112
0,10.946355159149883,5.934162502363638,1.6155485174448205,0.7670736630303548,0.7053975788074475,8.927148950078532,0.8118217490424716,0.8148809930499878,0.8272880929514266,1.6108785087444786,3.2353436738159824,2.231942970508685,0.8114288211550369,0.826908878764082,5.89136551776292,2.242553350003872,4.731349408305872,1.499877805976574,4.196301960884704,1.592978596852888,0.7933211525734956,9.253080715365188,1.5486514549233323,0.732160666151126,9.592851486574316,7.695845251374947,0.8170567493785114,8.889696174350068,1.6467891350512642,1.8039242115206833,4.744715816377182,1.8223177221950901,1.324436129405333,1.6940842006963672,0.927769428292605,2.342426565908178,4.078998258037155,2.993924901922865,1.0174688172957045,1.6613127986283587
0,10.549095859184945,4.908915434263725,1.3128872151564368,0.6447657991921932,0.6022146171224116,8.855493704522912,0.6990330998336711,0.4657753302684258,0.49982224630674793,1.3338830487665538,2.994663516427046,1.8841915005145313,0.4896761321784763,0.49611899092773704,6.887448161038196,1.966815534951847,5.468838277599341,1.2742279284554554,3.393934072017661,1.360197289917226,0.6971455919306316,9.296066840126064,1.2582216570116336,0.5949574494506874,8.998295987676363,6.843098828566067,0.7116517741524131,8.456924269763013,1.3859956811923746,1.64800942508541,4.758156184914287,1.364284702070271,1.1570509430675113,1.3936511476944566,0.7522410511478574,2.754510165721689,3.323009493263793,3.9493122512549426,0.770758150204727,1.3320724845637297
0,11.401345232413599,5.665550844818583,1.515843721382736,0.7279407242078321,0.6253064233835904,9.605037403955922,0.8108792839760461,0.6300019699089283,0.6513451273014044,1.5619055977233658,3.2930530658743877,2.1745100171384673,0.6361019195199668,0.634443690005276,7.427390271768548,2.123251138081186,5.89110660781706,1.386921767531531,3.7139353774696855,1.5091398765157131,0.7556754140951069,9.512880202527425,1.4791083062581767,0.7017596898512627,9.966090876486568,7.590784805511245,0.772049211427499,9.348442602322121,1.548305843914506,1.6617098520930806,4.633161408777253,1.694750194275036,1.3536843983532412,1.5522766130802441,0.8268342919055096,2.895847142965598,3.6635602045094515,3.939699986788668,0.948812189894792,1.5502374856226584
0,10.97998308216315,6.088342628049619,1.3433339728946159,0.662508428913957,0.5959026612998376,10.192984099999261,0.7174129196655354,0.5201008868904192,0.5346504489136973,1.3834603130158623,3.1261873659312926,1.9311967616303871,0.5204016992366011,0.5244573375986784,7.719818726212596,1.9263371417312418,6.154055887623658,1.2653376861609558,4.041997236838945,1.3591216552114573,0.6769843739695542,9.379254551354627,1.3053761872163976,0.6272816503777691,10.21288630644226,6.978653960995452,0.700279802977734,9.813346778304295,1.380191341994484,1.7039854455880432,4.352217072037437,1.478640633543724,1.440971338931895,1.3658724239323712,0.7015767716653406,3.149085960824844,3.967990533866167,4.109776003634726,0.8112374282651826,1.3443332164417034
0,10.317734526482814,5.325329579530676,1.4292835295310808,0.6998490705850605,0.6173575697708936,8.933941465636968,0.7354466443382778,0.5791070085502448,0.6049451165398159,1.444815125684485,3.0901137670088383,2.024065611808167,0.5869735858105667,0.5937440918859218,6.761548385707629,2.053613962290141,5.349370535688376,1.3381770033674807,3.584579640405545,1.4256319019474588,0.6993899167388531,8.860060244449537,1.370874988630215,0.6547032686859966,9.07855918855829,7.1663808989538955,0.7675519434295738,8.564153227643652,1.5031116681814372,1.6102753280839432,4.225276289588015,1.5098949455037778,1.27297772191298,1.4814032000052928,0.7777257026681353,2.8946735908347043,3.5082750285358357,3.608778130330071,0.8765768898977205,1.43204480828794
0,9.922591468902347,5.917378784403743,1.4094810754618647,0.6650259714724975,0.5868713296314848,9.52182029885283,0.7505557104285544,0.6940405236342083,0.7119254872038354,1.4394753172760393,2.8905438698317485,1.9462112364158697,0.7038951633128813,0.727288754812954,6.529123193182057,1.9525320458861544,5.372716418615325,1.2822617395461329,4.150385724523223,1.3933629077700853,0.6937408002846395,8.212827650058735,1.34807398218913,0.6208381490066572,9.804215692937268,6.788835535129757,0.7353775622928264,9.271137365410775,1.4616793387899547,1.6330155561189619,3.825288233563369,1.5042574873460346,1.2508316785560258,1.4579062466870008,0.7910344280162466,2.7106880303464522,4.0652060770234675,3.605093127015239,0.8832451721021661,1.4316625309160584
0,15.79741874331335,7.662881857464222,1.9192515594748663,0.9028058410695278,0.793825282392173,13.472498379241884,1.0187226955555087,0.7790796238607416,0.8234014113742277,2.004139837347968,4.2685985908256034,2.746833937613559,0.833513788245957,0.8360420369563475,9.51593985455071,2.625231579784581,7.982364532552935,1.716661142916124,5.4915250082649845,1.8195650685918447,0.8764056019720615,13.59198069570564,1.9143948544276808,0.9167986885087825,14.066797904401344,9.639490785023161,0.9788013860735398,13.290526812881332,1.9257526256629276,2.069775088960937,5.241245338967632,2.634002708619072,1.4529789397262667,1.9334361665524231,1.030089362040573,4.547631906610904,5.325699188373692,5.81003404354726,1.1054010827152954,1.9310214256865026
0,10.683683422285291,5.003233666740183,1.347731202117129,0.6565142404148799,0.6025432555402496,8.493228033911135,0.7240626489022083,0.5240183682223246,0.5453728940635462,1.402129935975141,3.092327359204227,1.9566139644206797,0.523816937672082,0.5131200544763689,6.482830741254437,1.9588330705688275,5.128612610862935,1.2782949111805957,3.3647194319223575,1.384195412641491,0.7042496775461065,9.014096195070948,1.3290218590166731,0.6422467228381916,8.674095404003138,7.006378381044544,0.7137603110905678,8.107655109687064,1.3973307397538677,1.476106194506181,4.427416312855183,1.6338118136275144,1.2413811442809706,1.3828984595323208,0.7245633370059352,2.844328068974465,3.304876391398728,3.4930452125062654,0.8025782162511923,1.3632671067000353
0,11.910564365994563,5.929562171714574,1.7028279761157734,0.8337832549845332,0.6731038118572935,10.16911896664106,0.8592117994103887,0.7064832358875374,0.7205123823782074,1.7046542662320587,3.823913727638584,2.3806488743893572,0.7708508638817758,0.7403738116444393,7.759941349966225,2.258472491249547,6.2923991993618325,1.4850766418745407,3.8767261227270877,1.6376432498178912,0.8057394679038643,9.885002071131614,1.6033697942343645,0.7460309770225563,10.953757578234864,8.462234867187128,0.8157718851856584,10.06671313699846,1.6532186266342521,1.860770876028977,4.455917346042047,2.139438520309659,1.5131739065002208,1.6562900044066642,0.863891052413299,3.2365259365604166,3.809758100874572,4.240057632553457,1.05043607911874,1.7333305138337156
0,10.120536028813245,4.767229454087746,1.3667993945037886,0.6343664999035674,0.575806871759271,8.256010662226348,0.7255381854874526,0.633254372682984,0.6525829628807372,1.3971108424035033,2.8409929750826226,1.9349578977741646,0.6437217586750498,0.6443284925473609,5.377582855872376,1.9089660104341364,4.581802758665598,1.258742177040738,3.6746499121163425,1.376090049491419,0.7075065845481106,8.482912995926348,1.3270087773544372,0.6109478601591715,8.958464712578897,6.669137475265487,0.6772040732829253,8.258037160545877,1.3776338250038347,1.6080011290552,4.830557920109227,1.7122897188210007,0.7068154254407208,1.4301125498127556,0.80036135382902,1.890231046994258,3.5318861682445646,3.4903423418095616,0.8618137377760384,1.4442537048394009
0,10.69254958172153,5.593054694703287,1.465756859874464,0.7617288252471833,0.6205562613132826,10.048128991396505,0.7250840773063015,0.493091372938651,0.5173123298204747,1.4585480650414286,3.498091312695974,2.0751283210357188,0.5512929145047626,0.5417639351673137,7.690544581148393,2.0414863817062696,6.242457566801556,1.329250702187452,3.805804769382496,1.4179944086818017,0.6752767961069526,9.140490015518699,1.3701152958988376,0.6651866727718881,10.09620246145392,7.600431851685154,0.7615434759408766,9.770120907937901,1.479179626778371,1.8702991396397335,4.168930233469542,1.6792335874764601,1.1416838357294614,1.44709927237582,0.7179121613817431,3.4458066298999324,3.711104091883488,4.455616236891689,0.8803326787732929,1.458353235613056
0,13.33356534646932,6.687809398452,1.7488281590150674,0.8699941863071239,0.8068213297254448,11.031559779264144,0.9098463986014821,0.6813975712855005,0.7284922075658476,1.7880556202033537,4.010198487177195,2.478912005532508,0.7210858660870308,0.7104602178747892,8.279653586843198,2.555987224473368,6.562211585189219,1.7075576477980636,4.472445468415458,1.82374527158286,0.8956926243803705,11.006161493694636,1.6837550876195106,0.8053584509096413,11.180220185499197,9.040923775492086,0.9201943232397469,10.609285255960193,1.8281294464497944,2.1937998176461004,5.111904840457901,1.8648923318740636,1.4370822736105442,1.78956030859511,0.8959078981969459,3.1888890706789357,4.400400418043863,4.347892475537205,1.0528040672554644,1.726752906984309
0,10.253988743260024,5.101231919542072,1.325727579164155,0.6446586732995518,0.6282615894488979,8.616879128239617,0.6736890561474407,0.551834967164038,0.5845481683189975,1.322094219531893,2.784040024045648,1.8245137133142606,0.5668938647157137,0.5705326490942595,6.296975777178338,1.944492350619011,5.098444252040792,1.317033631976289,3.5247509090558005,1.3945979515402331,0.7076375764578804,8.831705386896868,1.2226098110875658,0.5578744015458154,8.830559867043853,6.553008540052426,0.673407423950024,8.39761057861412,1.3686421829005428,1.6453354031830942,3.5326309178040836,1.2661435465966098,1.1208991104860337,1.3676225910739273,0.7144738876658333,2.765817171855828,3.4590657424298876,3.526003462829114,0.8104163693050654,1.301680198537048
0,9.518698018218805,4.814596192536724,1.4295256725520462,0.6648601426980296,0.5746678816978211,7.6090599705801605,0.7358562103545858,0.6929491150934091,0.7207063605993353,1.4564599344273772,2.989982047323724,1.9996746032517367,0.714495423319933,0.7140709340310802,5.211023757654562,1.917300786432384,4.25910886782297,1.26878349756382,3.351742913525305,1.3603705013088339,0.664986193087309,8.015696553629526,1.3873092388012407,0.6447595653525845,8.22834960592079,6.890659675078844,0.7068249095326407,7.688460260734593,1.4323065535921196,1.5749824090207263,3.8118606992331645,1.6995171977201389,1.049123210957213,1.4715956593933976,0.8150452354680688,2.0881819382905964,3.2952345040811917,2.796431923715225,0.9286930081833206,1.4980076158292113
0,10.992499811724265,5.262247108386277,1.3615123642170566,0.6618297507069459,0.6077947597187795,9.590295032507884,0.7168160069032427,0.4894614835998561,0.5165592681625859,1.4126201799112388,3.1759041406622717,1.9298436500966292,0.52582173398037,0.5106139950421285,7.445211908173186,1.9131887689324465,6.119722658570878,1.2855949262474518,3.473703957082125,1.3622612599431891,0.6637230177447218,9.376981060711463,1.3091899966455913,0.6146395388554606,9.927112787674826,7.017753055369593,0.6627146683025004,9.53361267412409,1.3511064323120094,1.7417814411256773,3.7640201191978604,1.584946517404416,1.315764656996081,1.35142262176181,0.6847971562589834,3.4725657025320174,3.4214769119564417,4.328725929383168,0.767663282542852,1.3208314505708119
0,10.551409580567848,5.124911222221756,1.334959289506677,0.6394063927389856,0.5348701845496736,8.874261309701664,0.6982360151122143,0.5791375452111243,0.5907738147510552,1.3615934665361706,3.1184215857273383,1.8776065578757455,0.6208538324189494,0.6213207140398992,6.375402423454393,1.8563092390000293,5.257144005107582,1.2121672029101787,3.618040899063347,1.3023990109395644,0.6332313242853256,9.246783067488487,1.2811252328545673,0.5981121324163342,9.366179803407151,6.851362980944343,0.6856898621197985,8.82675266432194,1.3799392791642715,1.7132587464034983,3.448808009722765,1.6566969715141033,0.9994401852302659,1.392117592202244,0.7351163722304038,3.010161256811356,3.5269576087272476,3.7508585471779394,0.8450152602675407,1.3748401313377567
0,12.442563379752157,5.890712754182048,1.5181095537418792,0.7487593344516499,0.6600322586888104,11.12865582915864,0.7899813170207478,0.552436478356306,0.5827036073722013,1.5649785732666295,3.474792104458534,2.1509740304515836,0.5926207227664728,0.5773629813905168,8.837710464286305,2.13848658487905,7.226944680273393,1.409264780661873,3.9077326538938104,1.4924470567043215,0.7173429864424887,10.938154205383606,1.45852668189602,0.6930459303445416,11.39794943515416,7.761756420185995,0.7769199870210655,10.855736392156789,1.5398518673288664,1.859788469532836,4.243627650940079,1.6922462405624235,1.398877207576721,1.5279331301603403,0.7805259132258282,4.217800279275184,3.846641344417888,5.244504039404294,0.8504263974734325,1.4757125977512906
0,13.679755476322821,6.37326048474649,1.9171284908149815,0.9199232304291933,0.807075711496181,11.194274872290727,0.9768479974104749,0.8102149477700227,0.870306452415677,1.9499581665181431,3.9885510941125837,2.679638485821551,0.8701519509117343,0.8696333824519553,8.531684471147248,2.6686834892356073,6.8191739359134695,1.7546510169255731,4.375106287854556,1.8838658211445602,0.9179296731006491,12.251649016212301,1.834806058326727,0.8637071826059892,11.520000579299664,9.335650016037379,0.9921052222388926,10.900474352902485,1.9605929708483538,2.0348707133534334,5.3808705776952594,2.007045386199266,1.2703954300747355,1.9447565710899368,1.0311492287887558,3.7097459628412457,4.279299674889453,4.821014854497526,1.1792679211978212,1.9308164934489331
0,10.860759844004628,5.91657707995498,1.452062842221364,0.6955197880165848,0.602235169423095,9.269100245829186,0.7657848579304921,0.6185115015660592,0.648687535331393,1.4993794590691978,3.2741521238345004,2.073642329251009,0.6471274700318224,0.6488135947670027,6.690234164712831,1.9907295617901446,5.317941752861168,1.3148060186820236,3.9525621881938586,1.417376840577655,0.6859006838186533,9.20815756957214,1.4335249708500886,0.6868836717210159,9.552345483906207,7.3384760657258425,0.7331643504933973,9.017987733826399,1.464810601099398,1.5447442386362589,4.351013835091584,1.8494075947664859,1.3378873717740027,1.4581407301770974,0.759742162291773,2.3253928990446826,3.865735751791478,3.3542946769043214,0.9048132261972435,1.480224175105455
0,13.510533981343174,7.415160583380398,1.859872660139307,0.9108240482683762,0.756082907249989,11.397656717586514,0.9725987228597411,0.7813026750156168,0.7997746627351615,1.9221718253435311,4.142740790046424,2.6893761751253433,0.7924276808682982,0.7911715994507285,7.6581087051685985,2.4540965243278565,6.246233576862755,1.6182012128612115,5.17412569961474,1.6823562540549384,0.7818513813473372,11.359609263800113,1.860129275661391,0.9239525052919124,11.85682276182157,9.279503536962,0.9176856311903676,11.362408736836507,1.8165344841273163,1.9074118649655938,5.421031377430923,2.6735295201494975,1.7113168827267735,1.8543588118936531,0.9791264177414017,3.0504750603574244,5.026539897942035,4.000816324483425,1.1257242588789027,1.8848518721390666
0,10.019166824672073,5.045404697816356,1.3063781372893826,0.6409044660295173,0.6012095152918999,8.232743956529543,0.6535784314588562,0.5737103876302165,0.5996752565507351,1.3171426554658823,3.0046860963618633,1.8169827669956031,0.5938118032573122,0.5879394129668726,5.699313846292841,1.9169471775160605,4.698960706684966,1.2721941337671696,3.54391713291399,1.342748836428092,0.6521034906899997,8.530928827096789,1.2459456519005732,0.5934236997334363,8.613447877254078,6.737162646999192,0.7078853140138314,8.139752910685067,1.3962815537402096,1.8321875998223751,3.655883779596824,1.4074246090470688,1.1202907417808088,1.384407905788409,0.7206509384634926,2.5546135596025397,3.4593441580955786,3.1976980032137754,0.81051396644732,1.2973390025631117
0,13.536259327358547,7.417076665683774,1.887820049510611,0.9352054436411712,0.7020478134131394,12.040784737164767,0.9552703790327995,0.8123713679135496,0.8185442408945132,1.8763880539632,4.390360531176221,2.6423162026532805,0.867749741409401,0.8450196800223317,8.539951787891583,2.4523878854024885,6.93528360449447,1.5909346772080148,5.110372128500411,1.729549497783763,0.845512700382987,11.650093351381889,1.7758222291072085,0.830959371685164,12.774581849446777,9.483321063431617,0.9164331493972406,11.890677771251138,1.827579003036548,1.9483135528897535,6.121677004949153,2.7711077893752423,1.598220430653635,1.877476355580394,0.993965888531136,3.450913000872468,4.9633309250772,4.627072277643927,1.2238943207197024,1.9423732034432146
0,11.6321100847906,6.727987213363394,1.6553415376068756,0.8030019723177759,0.7020301069137354,10.518037047599508,0.8169027477734423,0.757529376934013,0.7637107251216083,1.617894866455212,3.485087311876378,2.3018299969834968,0.7632860638414556,0.7768473741557864,7.038071246499725,2.2966295209901277,5.743312630924096,1.5119091489531262,4.775651322565107,1.6298364571482056,0.8062417720493994,9.967216792804415,1.5506596603810732,0.7229211244524617,11.126482350453621,8.075537433388568,0.8391151194116644,10.407350871116543,1.681485580562168,1.956311426614066,5.060010568599317,1.9603566329712194,1.3117247467878246,1.706522151673296,0.9156141890230575,2.681178999495401,4.627464069125922,3.792522435427259,1.0619061034428132,1.7327816934165419
0,14.921980336516542,8.120046570671873,2.1280103734650218,1.0269384404856856,0.8887456616167589,12.666105388661451,1.0543194057867813,0.949603371102369,0.9901349151450592,2.1229528901678303,5.111562890734805,2.9455745701289557,1.0239122620690648,1.0082351230237778,8.804954931791864,2.9241134823538038,7.107800570620573,1.9232420625424127,5.56034580015594,2.080433891819386,1.0127281434664843,12.629154634750737,2.0165841489773206,0.9335373430887814,13.54191350834151,10.977081947404587,1.078043823679602,12.553716747680403,2.1456299313156353,2.685270062865638,6.855073608759209,2.74750931785541,2.0322549241769585,2.176076909839292,1.160696291994096,3.709588170912685,5.418593734302093,4.546084897073722,1.345841532033636,2.189392804403427
0,10.761315358213901,5.863565359669178,1.5031015532900407,0.7414399697363296,0.609394512661631,9.185491875654408,0.803884346360063,0.6403888867142715,0.648698546360324,1.5674802805448984,3.470469874089762,2.15351089845488,0.650324371848678,0.6348089546899331,6.645207896184803,2.0481755434118756,5.2466513846491205,1.3409152408479081,3.939613627388296,1.4312758701890558,0.6868681488573701,9.300998560567376,1.4753123898671503,0.7141602978207381,9.346779526594222,7.6720001247616505,0.7713060122476945,8.97332693492869,1.5221216326351803,1.694604807713296,4.259706032170556,1.8625662408469377,1.354888008052929,1.520305866106225,0.7823904557172423,2.45519934164941,3.8574734038955714,3.3230968888481733,0.9311366339107141,1.500774676476791
0,13.050576203084088,7.17224824210413,1.744840636682704,0.8296549347677203,0.7267426629782294,11.698292297813243,0.8998927738158911,0.7569328824392629,0.7707518219963668,1.7665486277063092,3.843227084413808,2.4928756889037205,0.7782243916619968,0.7843928502308073,8.398045631214808,2.4224445719511416,6.800702323464614,1.5782686030301902,4.897970943089352,1.7021978431762583,0.839241659970734,11.50716024001127,1.7121304605898597,0.8150625118893899,12.468035582898576,8.757153367327465,0.8872132631466855,11.563662187057956,1.7696547249189232,1.9228447407490428,5.616713740873984,2.2917036237633663,1.5869846409702646,1.8036342325597106,0.9798977574704969,3.333938649287378,4.75742171293927,4.527212021360429,1.1210695487030007,1.827808355543194
0,12.766402933224342,6.687137120514455,1.6766825836607189,0.8213943294693737,0.7364340788086181,11.275163955098668,0.8344412280181193,0.652599557807036,0.6860063859854199,1.6639677727422677,3.7088314996274856,2.3708503342137845,0.6793077999201663,0.690047068154916,8.38497978091955,2.3978464507344777,6.769390997253553,1.5742449619677779,4.507193002287962,1.6684112249239098,0.816560332742858,10.797650675774708,1.5981620032010486,0.7622915769357609,11.639606646377132,8.47705045445751,0.8761543540967626,11.03138956299608,1.732419028642248,2.1121291803829103,5.200105080861979,1.756924090613305,1.5222797280747127,1.7208527923679993,0.9047777628902831,3.4735302289334036,4.410568930802003,4.588320650569841,1.059639722997943,1.7073238113757498
0,11.778509561132742,6.335310584926328,1.5793150866132686,0.7835067321439536,0.71772057671184,10.265154878337414,0.7996527098409478,0.6480693306781147,0.681213929606258,1.6043193980317978,3.9482008927961267,2.209889704014376,0.7052256074934167,0.6777486631983678,7.35881377602237,2.2420883210042515,5.957278259808971,1.5094298630885261,4.309910814009367,1.6112476712023194,0.7812372946885694,10.032977640364182,1.5065416242696072,0.7108094392747237,10.606459187347467,8.399723551708794,0.8008593402072861,10.061961889988577,1.6057974779163828,2.0440462415065075,4.595642459837771,2.054749316171659,1.3818824599932402,1.5955916406825685,0.7997022593313954,2.9068293610299842,4.227901756962367,3.9313890258720745,0.9608355370484988,1.5696789221344287
0,17.570804716132436,8.317395954504912,2.379918853042392,1.2085462028364158,1.0573702567863181,15.213472826982331,1.1948490154973057,0.8166427744095515,0.8621104320573725,2.3625735196386315,5.5716284149721265,3.329453574915413,0.9204845133952705,0.901382060052813,11.634529410450451,3.4781223728520088,9.406978131740846,2.2341145645918976,5.835626088631941,2.3440642457924605,1.1460665813043522,15.343257587410505,2.188075289922728,1.026664353080221,15.798054689442784,12.376616677886608,1.2960109548398817,14.394051626934735,2.4882611706886197,2.717093445841997,8.213854129375045,2.895825442888662,1.6402200878931226,2.4991850674183436,1.332123981435431,5.709910741850449,5.726733338317322,6.95660413107822,1.274903831994887,2.3485026486669707
0,9.99394292723014,4.858318961315392,1.1719727345014848,0.5779913072299436,0.5509174049037253,8.385078099128448,0.5823436141544814,0.4471781326566817,0.4703176818032334,1.173133844225719,2.72344656868139,1.6313827596401256,0.47966922881900986,0.46828806347851115,6.351545109596301,1.6922641599062491,5.178040055399857,1.1529884938398485,3.213124640335738,1.2290039895177114,0.6098791698906838,8.459477847824706,1.1000431935154529,0.5142953984062792,8.617971364169025,6.04689122577411,0.5826216667499564,8.203777148365406,1.1873875161729954,1.5580913904881226,3.3475548149431416,1.2790927085361556,1.245940506861253,1.171171662011263,0.5730072813628974,2.8379908313483218,3.1589689788313047,3.5328410933095094,0.6724722190500714,1.1486476880237153
0,9.535247141025984,5.0442862766471,1.3633800366878308,0.6349425441758346,0.6103266362737093,7.719804078919173,0.6665432313100762,0.7167406568707801,0.7457196380065595,1.352085827521883,2.8634525131760187,1.8669257151811345,0.7365079125761984,0.74207967935089,5.044836195232029,1.9039877028330368,4.160757371411752,1.294870108090925,3.560333102351419,1.3722195038316232,0.6688354280506734,7.898194846905262,1.318974200122158,0.6225591849059439,8.325727473062948,6.6160764850378735,0.6945427156724535,7.711724704256659,1.413528560798051,1.6593387769103876,3.30695735113127,1.5563499690435048,1.1064573443861272,1.430911286801363,0.7753915681151802,2.101842471285462,3.4687171188134056,2.6777506712730963,0.9342307530759689,1.4248357945758934
0,16.957562685670972,9.251100519463364,2.235980063254801,1.0858577829688278,0.9982869433704755,14.01659480319359,1.1517974318417215,1.0433735605996175,1.0711039605677348,2.2662782315064898,5.609299257483882,3.1044515120333713,1.09737138589447,1.0877191487191364,8.85394278613427,3.22703772454561,7.322649015635509,2.1535976426053742,6.720221930825294,2.3137978158368706,1.138463359498585,13.7254857025081,2.1302963629464613,0.9963924159841049,14.91930856700355,11.93794412252704,1.1716495865195775,13.719165531713376,2.356903118175248,3.1825715811427604,6.101491122712317,2.9863843790856963,1.7846246081130683,2.3605739663059944,1.2263064551435015,3.7201915880026886,6.5292546773381614,4.805579635066513,1.3925788904212526,2.27334842385308770
0,10.046856974774785,5.014872483761932,1.3794001411386174,0.650903978472601,0.5763229543712772,8.15185974393197,0.7096440770813037,0.6549795870330193,0.6786858075794817,1.3887990601818854,2.838838124418157,1.8968000833624552,0.6696008717128266,0.6754788436994483,5.878309539603343,1.9183696288114327,4.7420754906094515,1.274826631750336,3.4133832632344348,1.3918630034450985,0.704006705641195,8.151527281350061,1.3019778538486575,0.5969202942947812,8.547397576235005,6.652100626975706,0.6987261024976333,7.90175348472084,1.4138028259921638,1.5027831059481394,3.449437264005544,1.4529266916078498,1.2061389797071191,1.4123396404478628,0.7554027273078188,2.466149625294221,3.361654918764573,3.143063512168118,0.8825514084928099,1.3918340476574023
0,9.358036191725462,4.650054553859943,1.3223747813939988,0.6441728384397641,0.5756126289837495,7.287203904912761,0.6691013647706281,0.5982159459444508,0.6109387157284615,1.3344588937322466,3.004222845873609,1.8292437778889254,0.6367334759967764,0.6018528645403087,4.981776559833572,1.7962808202549747,4.095821364114843,1.2166233422258952,3.1917935121331222,1.3403327082756231,0.6813494672916693,7.998117499717034,1.231935260741106,0.565819473203911,7.9791940568660635,6.6256652649050585,0.6133796080379258,7.370180948431415,1.2722276966079427,1.637595271402459,3.4150747587056003,1.6811696721071494,1.162790133258622,1.305713856320998,0.6920520475291344,1.9798326404052347,3.1346410907798083,2.6374294108503835,0.8406619892576198,1.3418427166060742
0,13.207098579960228,6.772091830729579,1.992758004108549,0.9627356813333532,0.8750514466366853,11.136895132464623,0.9609652233955175,0.9159178094525259,0.9446898150318952,1.95922139038715,3.793590659750407,2.6925613672898048,0.9524432846348041,0.9588230977869022,7.729801423971299,2.6903101023945912,6.28247554689437,1.823451181680087,4.854476326293796,1.9324261525166104,0.962827420236716,10.960688066138312,1.8394107305247978,0.8588471755476265,11.613233971825757,9.156702890789687,0.9669249865810888,10.861511907147642,1.9454999366194665,1.858574884583497,5.427674960920383,2.1601321549954244,1.3571309632250534,1.9568469378912778,1.0367865732892723,3.4667767713122912,4.744502318641284,4.365002316435877,1.218217462632375,1.965113618229678
0,9.076746660125048,4.220123669283479,1.1380039868769107,0.5396206353262675,0.47648189550707687,7.132170491616967,0.6096610052400563,0.47859877706461573,0.5116910434805326,1.1984297188523265,2.622496500160254,1.6119560820072727,0.5313284028152314,0.5124292771328277,5.099433767541303,1.533580819631196,4.193226488427345,1.0241347383800898,2.9395876135432806,1.1057187350032316,0.5385949240418668,7.742379785223839,1.1247232256120807,0.5319664629421118,7.51935394257745,5.767621909534504,0.5568891692270441,7.061461691572684,1.1144154976935725,1.2633717814490737,3.0990451917085844,1.5351491131393162,0.9157134489175932,1.1142882400663046,0.5780068342386377,2.2893567730114888,2.869410847757725,2.9130512433975926,0.6849078912569873,1.1296375031085533
0,8.140237195699166,4.292748111849176,1.1649428007491853,0.5748996806520662,0.46771354401766924,7.229522699231982,0.5769903816854874,0.4999701070106004,0.5164228582319521,1.138768036445871,2.5952916954456446,1.5869751571918502,0.5403368041503603,0.5430146794297784,5.231684519311991,1.6020960383724339,4.236081869956939,1.0476564958798193,2.9945740931643248,1.1278910645012887,0.5558913108776394,6.968029527826451,1.0646714396933095,0.48688499795179874,7.474851593654417,5.7842111053774765,0.6003213642917591,6.9243287650500465,1.1901177485148506,1.2507150471410289,2.8853039807959964,1.4070360773404105,0.8819509219939269,1.1806830627889433,0.6179392866606863,2.3239037675427574,2.936752026676492,2.9402976185946925,0.7093548740778116,1.1663879158677821
0,8.9048339421923,4.890808222839865,1.2596264700651083,0.6072627679914905,0.5481295198759414,7.540338110830166,0.6110868736172167,0.5505684700122507,0.5751900054777414,1.241065474734941,2.7545459140307846,1.7848803590119584,0.5679011011650749,0.579395586022747,4.937853483606241,1.8314537581439965,4.015340791591614,1.1825202716093672,3.5250196536189224,1.2526574504688035,0.6055822721424077,7.814218344195839,1.226593011304756,0.5983984146626997,7.862774859151452,6.368737382884282,0.7027215593182107,7.231138778196183,1.3581706415360926,1.418315857938015,3.875814816491552,1.4943719341006254,1.0660714574395016,1.3496941784850274,0.7256732980847468,2.0342285014009205,3.4114756917135725,2.6497388444345495,0.8087128885533488,1.320083371757995
0,8.489660838603488,4.140561902906562,1.1420663407827483,0.5393245994942505,0.4612499411296495,6.8494089832091,0.6033355309495793,0.49440380561190816,0.5259464259211757,1.1783647134432493,2.530092132940526,1.612373782030965,0.5268403980166059,0.5280164936252644,4.856814682828023,1.5384246312231107,3.960584487786414,1.0210906700629758,2.891857609210944,1.1008859479835236,0.5427516151837415,6.965030361699536,1.1146277864984486,0.5256480973600646,7.122888571665457,5.679817305020069,0.562123655443618,6.689634745917741,1.1321800201846433,1.1748573916091425,3.0443106486390192,1.4664608175761564,0.8790887929168179,1.1331972006053823,0.6025633863533798,2.0536436918408416,2.8310430874122483,2.711236041229263,0.7047208584197796,1.1562312160888695
0,9.304294466749724,3.8950734720634856,1.1037499594505202,0.512552838043324,0.4648735848493393,7.288569747981856,0.6581692610013138,0.44343227789298845,0.46998908421028335,1.2194099653825206,2.4364244238486825,1.6418523617188243,0.44110611593460763,0.4358257084298283,5.605962036360658,1.5953015229756775,4.52854101580977,1.0310647312008578,2.7615719482887595,1.1460261634502087,0.5959309107750358,7.887216340320011,1.140768241951132,0.5504949099046427,7.362589634381245,5.673472579101131,0.5808094741655537,6.975605003493879,1.148716039224328,1.1008706309334484,4.209002508416779,1.3473336373719456,0.8328676901705224,1.149314114650844,0.6177764855541098,2.1590221649376637,2.6908468692178373,3.393566140567579,0.639672015693124,1.1307812525696626
0,8.260409227681615,3.634381499261601,1.1564123298927864,0.5524909636198533,0.506155349784315,6.218310377176372,0.5715558072083525,0.4991444376873518,0.5185667976038643,1.1792688665777957,2.5946313639690364,1.6194306966212526,0.5419127471028207,0.5066467861320454,4.395714506810296,1.5764868673595496,3.693733596052758,1.069974337865586,2.5246879082741445,1.1259975445674728,0.5373394421209685,7.089380588061807,1.1196874939161932,0.5284261584356197,6.903067209072931,5.780721921034972,0.5551495721171308,6.451755535923403,1.1374986641428286,1.4130399328908667,2.821525077196343,1.5151507691770563,0.7926748831442835,1.1575192939148446,0.6003123108616971,1.9780898891972585,2.471024055865922,2.584403025101757,0.7052363964468631,1.16554036922328
0,8.367123681683704,3.8191203686304998,1.1885454561077151,0.5678335168157437,0.5218500211432662,6.157539644086675,0.6033270309080987,0.5468645324279556,0.5747095572146753,1.1874899474520964,2.562734043071039,1.6394857182138332,0.5621665425498419,0.5563621603357626,4.472889680733727,1.7069200905664264,3.53050684386027,1.1366493643169473,2.631373220508043,1.2364158459167036,0.6301245033680641,7.186098131439851,1.1078038760349145,0.5057054343920605,6.551293913146968,5.907424052854596,0.6062754135942298,5.951476937146342,1.233056272245298,1.2803338743344825,3.09126600815029,1.3293568158168898,0.8088367768639833,1.2438471064576653,0.6744525039591273,1.7829983493996988,2.602146156759234,2.354383586552994,0.7608516313065872,1.212049449794816
0,12.375008872222256,6.073955884446834,1.5165917298792126,0.7787176106178926,0.62009293926821,11.690538110183997,0.8245456821729438,0.45667891722815857,0.44607163785786164,1.5937468475721321,3.581470341914679,2.236376028295463,0.49085888412888795,0.45955247694975826,8.560124228650839,2.1253672862916417,7.274995269220347,1.3240890050048437,4.428354291801145,1.3606559792443467,0.6383875477644366,10.69636976690472,1.494473391685335,0.754374840427377,11.864471007150119,7.943016714002202,0.833379571662049,11.660731314732011,1.5436297301992552,1.6881025676384376,6.0434721764060555,2.2245748237588874,1.1732312958582036,1.572662140978896,0.8340394584810905,4.825624642073904,4.266360756726149,5.619972567861831,0.8300532638447994,1.4828753533721115
0,8.3841458619374,4.179617444670987,1.2015383944630615,0.5737586444609225,0.5033042528003506,6.693297006822099,0.6101150385188069,0.5404260070544816,0.5680752178307064,1.225724457058339,2.6177930102372047,1.6912702046455914,0.5612859912687855,0.5566051636799837,4.616558926248663,1.615546380215476,3.77078615947155,1.0848353674010922,2.927798825051067,1.1508694812571847,0.5548537245031956,6.991611554768489,1.1749509088349692,0.5628679425082223,7.021750800555068,5.91949879488004,0.5908558543775869,6.644614990920669,1.1911783397033768,1.2999238124364192,3.011140827540293,1.4799744888298068,0.9236577832787669,1.1953233807043704,0.630650578848875,1.978310072837887,2.8614239517241957,2.520218526839508,0.7595221892623488,1.2180275068621411
0,10.72508537500287,5.812060767374363,1.5064790952289362,0.7232856366468625,0.6279820418690732,9.32490125073493,0.7596450097911627,0.6887447311231697,0.7028240387314872,1.502739187113823,3.2199269274971223,2.097179691963133,0.6815699978361396,0.6955199357776599,6.096558429386844,2.091993334036161,5.101027443276547,1.3625988743430113,4.224031082017092,1.4564744284205706,0.7246670877766557,9.138381293618659,1.421319585078979,0.6657703371252253,9.755255038031867,7.403390481837588,0.7804348869239839,9.254107115814552,1.5438889892346561,1.7939926036048683,4.279883812640053,1.7998657631486636,1.1753031140913142,1.5650804400431348,0.8617661841895518,2.7412697484310775,4.088356195374285,3.513638153836954,0.9511729175032843,1.5383329571987325
0,8.944721707388876,4.74161895947195,1.2971138571432317,0.6162517234656638,0.5508152017665576,7.244433756308223,0.6531446799230376,0.6305701119194131,0.6538050894451647,1.3147714320043569,2.6684352474798083,1.7973449926154104,0.6545788269024587,0.656933265278326,4.643849797752777,1.7379426917939143,3.798732350496755,1.1742670091844247,3.4461312466859417,1.246841414941944,0.5985738899057353,7.614876281034804,1.2621675960486698,0.600968261476265,7.605843127287104,6.194918036621857,0.6449277943749022,7.120699760706807,1.2949324199886356,1.3753082850837148,3.1682798160317223,1.5476660558290287,0.8769050056391425,1.2999644259361,0.6829932227750305,1.869011496163656,3.3484201724258535,2.5028955319957307,0.8347569552993986,1.3177341706665593
0,8.898527884540506,4.7819248743043055,1.0845799640339462,0.542321473868341,0.4892218291119709,7.6365036336955905,0.5130556933754272,0.48077387873450733,0.49310567326287824,1.0585391018257926,2.660907551356469,1.5264650070668235,0.4877467360634412,0.48557290669318937,5.459157628659034,1.557125451381559,4.43546194630967,1.0264456443695675,3.201351513207918,1.1042328658186373,0.5407647616646512,7.778874128159156,1.0405769594772802,0.5070997686657871,7.974832685150614,5.7433777800267976,0.5823204012148661,7.594994397868145,1.1347542483377169,1.5627825155939123,3.838887814070019,1.305726407551071,1.2171841127970542,1.1217467938743202,0.5754237582731364,2.2278933896807924,3.099845631206979,2.855645101505027,0.7219055571939986,1.1282115959310468
0,10.091481150385716,5.438234781470583,1.4608856894722366,0.6871582981219243,0.5857994852101721,8.536227516112353,0.7863765715500405,0.6195110949573687,0.6382276918295638,1.530691399741219,3.3332006636725158,2.066183865324728,0.6610570389669765,0.6352561034478125,5.794868865595768,1.927946203688833,4.7816897179524,1.2769209958641223,3.759834697805825,1.4209489361238477,0.7238054723138638,8.724656838346665,1.4081166772418174,0.6455424699534209,9.1322908119357,7.326187884050991,0.6725246878921924,8.608271007813306,1.3838507510133236,1.667808631960349,4.136224092971255,2.011492564113888,1.2917786004366663,1.4184614452111113,0.7777204313271413,2.2116103553684203,3.6727544602416,3.1081782821097095,0.8970062680727974,1.487249799239894
0,8.831218744164005,4.395759723864244,1.1510052547944307,0.5589499791684601,0.5025457337207935,7.45499854997435,0.5819942275785432,0.4936247434730573,0.5150761532379152,1.1543015097005296,2.6454179801737374,1.588929946426922,0.5102810192975729,0.5081779921384282,5.456631684857834,1.6337330728733679,4.444889499014797,1.0850688148065215,3.011837924341747,1.158820920593396,0.5777822248888083,7.524292380803953,1.0740597481066039,0.494118699946592,7.6524180198156255,5.8678434004705196,0.58935612110227,7.290923278191281,1.1809634287211077,1.4360740387685893,3.166806935327766,1.2955012288406174,1.0756355910044575,1.18588676300334,0.6253872106063381,2.5033130980816867,2.9589228774329173,3.0603929215822094,0.6994381045118799,1.141813256101814
0,9.349573577515503,4.514265761355551,1.1227684864198646,0.5360132712897712,0.5216082900360529,7.764469056395555,0.5590674202586688,0.46486117403329924,0.4982761774097998,1.1248150095441471,2.6162801375162053,1.5749708328992986,0.4917947068582182,0.4937159614638555,5.649509615341773,1.6169018578681964,4.664144179685982,1.0911373620223848,3.1020457860755397,1.1657738550348038,0.5840039784213764,7.884948957430813,1.080340159411245,0.5112477442564791,8.092826194713314,5.806273687595889,0.5654635671308295,7.638839857386473,1.1457118079604156,1.4970704312833931,3.316833032158677,1.2807750097376138,1.0254672236906786,1.1365180484776083,0.5949827457904152,2.529300412508446,3.03432433293018,3.2509442681355663,0.7044064481756178,1.1373223313902083
0,11.04209903011645,6.359106717744896,1.7305392299551512,0.8237880645136457,0.682478034640151,9.704544352177995,0.8369365263585177,0.8092319554240778,0.8357907293233511,1.6859111098709256,3.585039721851796,2.3800779284971023,0.8305667120941326,0.8574552792807927,6.040458392492713,2.267725764015238,5.015492840583742,1.4914318196427636,4.689527547630845,1.576305483465238,0.7591414920378927,9.285623667941497,1.6290570582346817,0.7625712028654944,10.372564133040859,8.218162203451794,0.8510400230529274,9.666282716162756,1.7042585463043443,1.9168898329433588,4.31786701729726,2.1881732293983323,1.163395563321071,1.743668722000881,0.9666489209000771,2.402671011054795,4.528087662777756,3.3462386971458096,1.1195696981127974,1.7989566252680163
0,10.973354710159557,5.632612950611792,1.4279349584257155,0.6901675776567914,0.6320037117563655,8.812691881196166,0.7340570798533995,0.6077261947416163,0.6315644986845075,1.4843382767292168,3.4628540121438345,2.0386888946417723,0.6408004351690737,0.6097953962175823,6.434728950195285,1.9513401288009105,5.184715088262898,1.325648633615729,3.628598964581443,1.3952467024086732,0.6657061574210051,9.075893829739638,1.419101132942628,0.691094686291297,9.384112523349067,7.452379950016897,0.6968570813205377,8.925471615407897,1.4081071565837697,1.788389661511706,4.065532727466059,1.939112246083793,1.5937756500201132,1.4159593095385583,0.7165355409848801,2.406356902102678,3.553340966075925,3.181141124477762,0.8940861290421966,1.4292941395642522
0,9.119536020281142,4.564371021984189,1.3306244922569872,0.6295552508736114,0.6095246183957906,7.368100382443636,0.6482443748324955,0.6282330191819473,0.651708959336504,1.3122938974931266,2.5626935418020573,1.8394583234793986,0.615814672510027,0.6195670142288303,5.502449675160166,1.9133588918517974,4.369568743642743,1.2990188291729252,3.001285943879738,1.3593278778007805,0.6754768218722024,7.504252844982846,1.2631357272911818,0.5942997418660888,7.713558832095435,6.3030015001359985,0.6762429086880991,7.198359041981424,1.3853415116961818,1.3979893454599337,3.3172267911614988,1.2383532197414358,1.1511008349176661,1.3982069585069545,0.7489711432412872,1.8506024320645929,2.9692332111170154,2.810171167422792,0.833673390941296,1.348965422996245
0,9.438234519995786,5.013822130911355,1.4906690920398042,0.7532721457275328,0.543779326818633,9.408816270993144,0.7073037359033978,0.6306860829665821,0.6440914480949319,1.441376750434888,3.1109203756209016,2.022489538585628,0.6695661148314768,0.6739532430861683,7.197031988061363,1.9358838911241865,5.958366706396189,1.223314047799194,3.451241344839722,1.2921435501145935,0.5979179229175199,7.7904601973556415,1.3584970755612609,0.637541004334243,9.67945711877207,7.06926875268421,0.7948721216750511,9.19475869555954,1.5068949040425517,1.4727959428906223,3.7281544303428564,1.7186799315213548,1.1367852007805037,1.4801413924823352,0.785573877777956,3.8042974916314933,3.3635780338681003,4.39499497497308,0.9203394548712847,1.4692490702722258
0,8.764494151702317,4.777073783196867,1.1750520720690052,0.5427090940055697,0.5064237752945878,7.136813075527701,0.6147379599550913,0.5893638744790052,0.607384198784213,1.2055078978246434,2.555135069850546,1.6493402139098805,0.5941611892782618,0.6026861801993127,4.689461647505282,1.6316058513459621,3.7957391519199737,1.0887452006686464,3.341130119226886,1.1935522071515894,0.6014401529906807,7.443694165932983,1.1526812115591722,0.5429280322188753,7.498867115028237,5.830506581541458,0.5925682811205112,7.000785830337587,1.20021802758681,1.4003865829184323,3.2409834998246367,1.3709621319470102,1.077793117085035,1.2071266949989674,0.6568529468919956,1.756617726397235,3.256380555207665,2.359986141723406,0.774782816945149,1.227030298521187
0,8.759286498785647,4.460614188207325,1.1850807304432076,0.6027941995972921,0.568532824636674,7.492594988070445,0.5498545774874303,0.4885856199581518,0.5049350160569266,1.1226239031041028,2.7587228134458313,1.6127699101357087,0.5129640943413535,0.5038357097914123,5.589812689203381,1.7760098207808488,4.484775228513691,1.182532221288261,3.021665699449777,1.2363298222447474,0.6201479521546006,7.698281013065991,1.0537742714223044,0.4886900583832401,7.911009852835979,6.147321248371082,0.6319884970435862,7.327195409551913,1.2545637450760891,1.5743632137046546,3.53374865703359,1.298570734456636,1.0791577235071772,1.2681919016534158,0.6695351443057632,2.5234510984668956,2.9613759798425736,3.0695344378232248,0.7512080589811487,1.191886842994411
0,9.562036113751539,5.009799380451014,1.2832098815973494,0.6130454487446078,0.55926365869777,8.053785409872404,0.6357483578893187,0.5904453658527207,0.6157895530168191,1.2557780184822318,2.57455815462248,1.7796102897055401,0.5829810101849014,0.6092286047092124,5.633999618037392,1.8358235322831233,4.570733498118993,1.2047744913062997,3.4840170718544834,1.2799473532926413,0.6452422462282573,8.11912951330462,1.213044231347038,0.5715751662375457,8.325087934853286,6.186654215598705,0.6822287105475203,7.815698689905528,1.3464272495884315,1.385029876567541,3.457541564401625,1.3432571203117867,1.154466342047012,1.3482394571585699,0.7427220652251545,2.4616288681253784,3.397618914352756,3.0500814628405104,0.8208876114053129,1.3154110525631406
0,16.83908713126545,8.288666776213635,2.29818373521535,1.0665219442056806,0.9211291474304653,12.943574686147288,1.2047437541979538,1.0403543092887815,1.063849681874538,2.374788581466339,5.081872562563922,3.2339693519727857,1.1093865392575,1.1133337309392268,7.547782998105826,3.0268160873107077,6.446979383665801,1.9937127736194173,6.505177124082213,2.1111654034944998,1.0364704400335938,14.444361097627024,2.246625122965597,1.0558668755226541,13.915424255950688,11.308916726218825,1.1089387686796497,13.22201880025878,2.222414873469083,2.765554220929605,6.995825835369577,3.37428479558305,1.2260711926052554,2.3197374963799495,1.2822780857237779,3.483395445571495,6.270315920998981,4.657558595286404,1.4004040831321694,2.362344060586718
0,8.39213017057416,4.6869200732393725,1.2017877268652288,0.5778526307378764,0.5165057377297976,7.199233210411819,0.599938951100008,0.569602287661342,0.5906763683994491,1.1927148427055239,2.669342885392623,1.650160245760754,0.5822522905287738,0.5895737936393499,5.006787220151992,1.6764867333726987,4.0089948119154055,1.1215496851173723,3.190651356771875,1.2053701771906489,0.5968289059449149,7.122948961150749,1.128493556390459,0.5233404241644418,7.487256856479735,5.994712173383896,0.6101626839182664,7.033312238464565,1.2327366690536699,1.419893360425401,3.04884853134183,1.3764254652767276,1.1108538013411087,1.236989373053211,0.6565478735284023,1.8393331714927297,3.1287699204755564,2.5127695705599034,0.7653874685277536,1.22458767977889
0,9.97146833866617,5.047078534108685,1.2961078326881494,0.6326960498678692,0.5704348785850423,8.66907722405033,0.6760721401557999,0.5191734065142122,0.5461662029592063,1.3350096814200005,2.9878254573113483,1.812879910206093,0.5576173841892526,0.5461639597080199,6.362974106666075,1.8316000050762962,5.218399188491552,1.222412915789746,3.4559518206197986,1.3030720815068653,0.6311887069678255,8.208449760316451,1.2324494962428398,0.5756448588079359,8.96665929558997,6.632241525872219,0.6589616927562183,8.49492919987368,1.3216519411614565,1.6537206564144216,3.9860207239059475,1.4731833193790833,1.088103654041156,1.3126266778488158,0.6661581971433668,2.78060359166855,3.3805267199552924,3.6277890017133174,0.7479616936073454,1.2662539674228637
0,8.820553218889778,4.848213878603028,1.2867991870147388,0.5988715864967238,0.5757640197978412,7.136038002614747,0.6130008925337734,0.6215237994288316,0.6330349447421926,1.2749787666528538,2.6957254014533696,1.7898016962940422,0.6309914656555708,0.6336368329198719,4.268601027904059,1.786792082883185,3.5794801664635028,1.2078031764628647,3.5568411580357377,1.2846285478874508,0.6179433910940383,7.308986241838602,1.2569365939908457,0.5977218784021666,7.7027009969453015,6.250288093240202,0.6441648339973918,7.205942447640144,1.3120252216573907,1.6375441093157395,3.5285038004422904,1.552200660777983,0.9208475078555043,1.3190256745554176,0.6939493531790156,1.5059504835039454,3.4411416876324643,2.287830575441718,0.8220968318736018,1.3431586205753212
0,9.759915846688095,5.050995467211899,1.314381784937223,0.6337489004162886,0.5856395522851027,8.213015245581165,0.6459043493045933,0.5236546840048102,0.5438139228537858,1.320653879720395,2.982290442051946,1.8562018827486004,0.5598706796058834,0.5430292048304715,5.87093107855142,1.843447164027225,4.815328802084257,1.2359311632483414,3.3983275987164663,1.3101029105836681,0.6272423267691661,8.147658870525436,1.271894657945041,0.6054240203881878,8.719410420438377,6.678617804507052,0.6537713686000048,8.195518618343238,1.323214066904218,1.6032238442669533,4.0526642175037715,1.6243285940057435,1.1556736683504931,1.3243146575189189,0.6744280394065977,2.338295374334987,3.3103799569595385,3.1625443872282166,0.7983858707282775,1.3313786948567163
0,9.012267871237032,4.448698096508063,1.2164364834542305,0.5761874315782752,0.5258316838108228,7.1804032795141435,0.6172139073252332,0.5441892124650409,0.5760875828337719,1.238515010846452,2.6965497062062034,1.7023837409567364,0.5850233475341108,0.5783232146985274,5.005247001280887,1.6807990335125924,4.082973213945421,1.1307110530838937,3.0974961512266894,1.209774668491267,0.5838970175608957,7.593853054682411,1.1870337974352168,0.5612423819010269,7.592056752597137,6.076499846182326,0.6103202886116081,7.081699881728295,1.2322182556412622,1.3953029736051303,3.246698279978623,1.476819946954192,0.9195928672435508,1.2256788574047794,0.6359804938977476,2.038260556839947,3.0260682960031486,2.7317517959556348,0.7574588423811741,1.23687812065018
0,9.29860396498916,4.704448839819722,1.3626734293285703,0.6755781946115679,0.5273118698721585,8.177341961621005,0.6892176277510441,0.5685963064090157,0.5845481206387124,1.3753990718788554,3.005809143127698,1.9045255018784633,0.574397931033373,0.5660795475670153,6.211117915519923,1.8078350847965468,5.017497723322466,1.1722222723254563,3.1637976080579255,1.2621300336935308,0.6074371966782407,7.8218871747808185,1.286627697381482,0.6081834941563503,8.288952553331109,6.717966967077189,0.6970052503345753,7.9147636402679336,1.3605575509791616,1.3215738315081582,3.448533600775024,1.711100728875859,1.1490180994319805,1.3353130221023848,0.691994051134423,2.8566840131596005,3.1059927009919988,3.4731857300772226,0.8128791497465737,1.3420432456483442
0,8.298625065462373,4.252721180636371,1.156575968358545,0.5597095124457215,0.4901822706271275,6.902855860745429,0.5804776438892268,0.49455345538487894,0.5097460635484578,1.1664782612399105,2.3606196037404628,1.6328679940121626,0.5007724310642001,0.4940305829752774,4.648773044322772,1.5677842356081262,3.8452354530807975,1.049660144302299,3.073977895556785,1.1242986274596838,0.5642785888219927,7.433271336771647,1.1143132275276988,0.5309257545622993,7.104072756809083,5.5575394367654125,0.5562346017581231,6.787012521964331,1.1251637647907844,1.0573290433416793,3.323349241181983,1.5091623339384201,0.9088568401266435,1.1452914623209165,0.6044073781702527,2.0535278406171145,2.967307704482071,2.6619251335742664,0.6710763959211822,1.1726132840380088
0,10.64443762557798,5.266113249409931,1.3319142318719805,0.6288346723816404,0.5750597894142425,8.533672431751375,0.6932330293509056,0.6413819563155928,0.6738576232629074,1.3753300096122814,2.962814840145099,1.8290205940957696,0.6893722499547253,0.689309297349155,5.639170198738225,1.8165106204033796,4.69517864637628,1.2374271446256795,3.8392491414289545,1.3298754996212316,0.6465209416825253,9.188765469981679,1.289131446980707,0.6025455780119855,8.944770855331399,6.6050987365004685,0.667490041967825,8.445081506794256,1.3420515320142963,1.6362979397196142,3.4178256380113226,1.664542298565183,1.0089361464247515,1.3317733516973418,0.6775575876348894,2.6470026079218734,3.7153630165375677,3.270250177979099,0.8412506336953272,1.3241121382086447
0,9.710790872946708,5.54886515160666,1.2682786210648542,0.6065356026841741,0.5671425366340014,8.338184747902371,0.6274669935641551,0.5477188682566945,0.5510264681304082,1.2658324008679283,2.8300624414068554,1.795771569078231,0.5508649902178904,0.5749835942554856,5.041749964615608,1.8021458111404762,4.226965269817275,1.201218314785507,4.111588226617302,1.2848595254043582,0.6251793345107853,8.446373220087334,1.2446045382999325,0.6003248463438909,8.746831074041872,6.426018858335425,0.6480393841447971,8.324644234828911,1.3053411066353788,1.768185950062602,3.795999548650408,1.6433731458761023,1.005652291820128,1.3011410428416754,0.6663608517143493,2.007356953812127,3.93941887139641,2.794013079955023,0.7972105732426197,1.3087059174047735
0,9.723570401911713,4.976887778008192,1.3264515145302773,0.6486765908068575,0.4908488338035315,8.41009063248299,0.7092210355583941,0.5344965906482282,0.5409000391964552,1.3586212964547835,3.0078392038461805,1.880405394099926,0.5436591717866393,0.550237802638594,6.2009312175366045,1.8026516072258356,4.9593928141131896,1.142087425970187,3.453419684829694,1.2703037210448067,0.6331996770032781,8.093015317894617,1.2656454300737527,0.5895261537489694,8.492466784258276,6.689863137637165,0.694272393152138,8.021413690232354,1.3531350054470388,1.388096698171015,4.331968444424068,1.6458458175276807,1.089602449054242,1.3319351366175058,0.6896291356449659,2.8161798821032735,3.3686268960172714,3.4346527470305435,0.8003199695693644,1.3368557828634569
0,9.643573232906167,4.737475336189839,1.3040394267222362,0.6210739890221456,0.5762697550762442,7.452428610154758,0.6509649078461075,0.6094313749618755,0.6387105433035319,1.313935514330764,2.955910346958333,1.806407815537508,0.6413992947289389,0.6374053358636125,4.837775494528002,1.816390815318866,3.9987211942812335,1.2260613456181995,3.4538354043411092,1.3112946184343663,0.6421388913434956,8.336314864796966,1.256270463204355,0.5921082418633778,7.950072434461615,6.571974638540001,0.6550178837118446,7.441696175634525,1.3248283939667087,1.6414315846949734,3.3315758707061267,1.6209483758351195,0.9319743721898089,1.3281906734533828,0.6986783538487792,2.125072837218722,3.3569616666456046,2.714979620752021,0.8435971063549483,1.325958417990008
0,8.882481806473484,4.259772456573391,1.1735933307101813,0.555059797887632,0.5154324738431463,7.131850338123708,0.6126923655863299,0.5082624294217646,0.5404893093165417,1.2148266734536233,2.5125732731581376,1.6725186070337759,0.5330743682147939,0.5333135674864633,5.215692932583807,1.6770129400706622,4.242456110471823,1.107436969522985,2.891845928059448,1.1792631942865968,0.5745776315172417,7.3292587433657195,1.1638651686504622,0.5622981582683936,7.525270115201106,5.860754930582984,0.6202142847334979,7.026553958420027,1.2296657837125022,1.461871711993227,3.233226551235134,1.1958196473185152,0.9586351814729944,1.2152925505957624,0.6450586833827685,2.1316589075633905,2.835679471740105,2.8738797159356513,0.7216785057294521,1.1911499167601953
0,7.849595252860704,3.731683320029459,1.0997746681782492,0.5245995299180395,0.4731798638010861,5.832627752922151,0.5368081935353868,0.4768220347498942,0.49529010919948385,1.0933963091412788,2.4391672445142776,1.5380772556351503,0.501907823861691,0.4943367162458072,3.6681016076645028,1.5273576013756465,3.0557403930683487,1.0117158233434504,2.7777854455039654,1.0626932619974527,0.5149769166381238,6.649240281027685,1.058746983715757,0.5024350909277483,6.353354903527179,5.488362233994652,0.5556144788021077,5.843711947803217,1.1115091842479803,1.301223681473877,3.256147065399727,1.4284255154409644,0.701579830624239,1.1347502939078355,0.6113033439707001,1.6256640067285817,2.6893454305383666,2.102524571980808,0.6767894885089114,1.1222391423296845